[2025-09-12T18:08:42.518Z] ERROR listen EADDRINUSE: address already in use 0.0.0.0:5000 
STACK Error: listen EADDRINUSE: address already in use 0.0.0.0:5000
    at __node_internal_captureLargerStackTrace (node:internal/errors:490:5)
    at __node_internal_uvExceptionWithHostPort (node:internal/errors:589:12)
    at Server.setupListenHandle [as _listen2] (node:net:1740:16)
    at listenInCluster (node:net:1788:12)
    at doListen (node:net:1937:7)
    at process.processTicksAndRejections (node:internal/process/task_queues:83:21) 
CTX {"type":"uncaughtException"}
[2025-09-12T18:24:44.036Z] ERROR listen EADDRINUSE: address already in use 0.0.0.0:5000 
STACK Error: listen EADDRINUSE: address already in use 0.0.0.0:5000
    at __node_internal_captureLargerStackTrace (node:internal/errors:490:5)
    at __node_internal_uvExceptionWithHostPort (node:internal/errors:589:12)
    at Server.setupListenHandle [as _listen2] (node:net:1740:16)
    at listenInCluster (node:net:1788:12)
    at doListen (node:net:1937:7)
    at process.processTicksAndRejections (node:internal/process/task_queues:83:21) 
CTX {"type":"uncaughtException"}
[2025-09-12T18:31:51.251Z] ERROR listen EADDRINUSE: address already in use 0.0.0.0:5000 
STACK Error: listen EADDRINUSE: address already in use 0.0.0.0:5000
    at __node_internal_captureLargerStackTrace (node:internal/errors:490:5)
    at __node_internal_uvExceptionWithHostPort (node:internal/errors:589:12)
    at Server.setupListenHandle [as _listen2] (node:net:1740:16)
    at listenInCluster (node:net:1788:12)
    at doListen (node:net:1937:7)
    at process.processTicksAndRejections (node:internal/process/task_queues:83:21) 
CTX {"type":"uncaughtException"}
[2025-09-21T22:36:32.651Z] ERROR "[server] Uncaught error: The \"path\" argument must be of type string. Received undefined\nTypeError [ERR_INVALID_ARG_TYPE]: The \"path\" argument must be of type string. Received undefined\n    at __node_internal_captureLargerStackTrace (node:internal/errors:490:5)\n    at new NodeError (node:internal/errors:399:5)\n    at validateString (node:internal/validators:163:11)\n    at Object.resolve (node:path:1098:7)\n    at <anonymous> (/Users/eobodoechine/PropertyVision1/server/vite.ts:50:35)\n    at Layer.handle [as handle_request] (/Users/eobodoechine/PropertyVision1/node_modules/express/lib/router/layer.js:95:5)\n    at trim_prefix (/Users/eobodoechine/PropertyVision1/node_modules/express/lib/router/index.js:328:13)\n    at /Users/eobodoechine/PropertyVision1/node_modules/express/lib/router/index.js:286:9\n    at param (/Users/eobodoechine/PropertyVision1/node_modules/express/lib/router/index.js:365:14)\n    at param (/Users/eobodoechine/PropertyVision1/node_modules/express/lib/router/index.js:376:14)\n    at Function.process_params (/Users/eobodoechine/PropertyVision1/node_modules/express/lib/router/index.js:421:3)\n    at Immediate.next [as _onImmediate] (/Users/eobodoechine/PropertyVision1/node_modules/express/lib/router/index.js:280:10)\n    at process.processImmediate (node:internal/timers:478:21)" 
CTX {"type":"console.error"}
[2025-09-21T22:36:32.672Z] ERROR "[server] Uncaught error: The \"path\" argument must be of type string. Received undefined\nTypeError [ERR_INVALID_ARG_TYPE]: The \"path\" argument must be of type string. Received undefined\n    at __node_internal_captureLargerStackTrace (node:internal/errors:490:5)\n    at new NodeError (node:internal/errors:399:5)\n    at validateString (node:internal/validators:163:11)\n    at Object.resolve (node:path:1098:7)\n    at <anonymous> (/Users/eobodoechine/PropertyVision1/server/vite.ts:50:35)\n    at Layer.handle [as handle_request] (/Users/eobodoechine/PropertyVision1/node_modules/express/lib/router/layer.js:95:5)\n    at trim_prefix (/Users/eobodoechine/PropertyVision1/node_modules/express/lib/router/index.js:328:13)\n    at /Users/eobodoechine/PropertyVision1/node_modules/express/lib/router/index.js:286:9\n    at param (/Users/eobodoechine/PropertyVision1/node_modules/express/lib/router/index.js:365:14)\n    at param (/Users/eobodoechine/PropertyVision1/node_modules/express/lib/router/index.js:376:14)\n    at Function.process_params (/Users/eobodoechine/PropertyVision1/node_modules/express/lib/router/index.js:421:3)\n    at Immediate.next [as _onImmediate] (/Users/eobodoechine/PropertyVision1/node_modules/express/lib/router/index.js:280:10)\n    at process.processImmediate (node:internal/timers:478:21)" 
CTX {"type":"console.error"}
[2025-09-21T22:36:33.441Z] ERROR "[server] Uncaught error: The \"path\" argument must be of type string. Received undefined\nTypeError [ERR_INVALID_ARG_TYPE]: The \"path\" argument must be of type string. Received undefined\n    at __node_internal_captureLargerStackTrace (node:internal/errors:490:5)\n    at new NodeError (node:internal/errors:399:5)\n    at validateString (node:internal/validators:163:11)\n    at Object.resolve (node:path:1098:7)\n    at <anonymous> (/Users/eobodoechine/PropertyVision1/server/vite.ts:50:35)\n    at Layer.handle [as handle_request] (/Users/eobodoechine/PropertyVision1/node_modules/express/lib/router/layer.js:95:5)\n    at trim_prefix (/Users/eobodoechine/PropertyVision1/node_modules/express/lib/router/index.js:328:13)\n    at /Users/eobodoechine/PropertyVision1/node_modules/express/lib/router/index.js:286:9\n    at param (/Users/eobodoechine/PropertyVision1/node_modules/express/lib/router/index.js:365:14)\n    at param (/Users/eobodoechine/PropertyVision1/node_modules/express/lib/router/index.js:376:14)\n    at Function.process_params (/Users/eobodoechine/PropertyVision1/node_modules/express/lib/router/index.js:421:3)\n    at Immediate.next [as _onImmediate] (/Users/eobodoechine/PropertyVision1/node_modules/express/lib/router/index.js:280:10)\n    at process.processImmediate (node:internal/timers:478:21)" 
CTX {"type":"console.error"}
[2025-09-21T22:36:33.480Z] ERROR "[server] Uncaught error: The \"path\" argument must be of type string. Received undefined\nTypeError [ERR_INVALID_ARG_TYPE]: The \"path\" argument must be of type string. Received undefined\n    at __node_internal_captureLargerStackTrace (node:internal/errors:490:5)\n    at new NodeError (node:internal/errors:399:5)\n    at validateString (node:internal/validators:163:11)\n    at Object.resolve (node:path:1098:7)\n    at <anonymous> (/Users/eobodoechine/PropertyVision1/server/vite.ts:50:35)\n    at Layer.handle [as handle_request] (/Users/eobodoechine/PropertyVision1/node_modules/express/lib/router/layer.js:95:5)\n    at trim_prefix (/Users/eobodoechine/PropertyVision1/node_modules/express/lib/router/index.js:328:13)\n    at /Users/eobodoechine/PropertyVision1/node_modules/express/lib/router/index.js:286:9\n    at param (/Users/eobodoechine/PropertyVision1/node_modules/express/lib/router/index.js:365:14)\n    at param (/Users/eobodoechine/PropertyVision1/node_modules/express/lib/router/index.js:376:14)\n    at Function.process_params (/Users/eobodoechine/PropertyVision1/node_modules/express/lib/router/index.js:421:3)\n    at Immediate.next [as _onImmediate] (/Users/eobodoechine/PropertyVision1/node_modules/express/lib/router/index.js:280:10)\n    at process.processImmediate (node:internal/timers:478:21)" 
CTX {"type":"console.error"}
[2025-09-22T03:24:14.172Z] ERROR "11:24:14 PM [vite] Pre-transform error: Cannot apply unknown utility class `border-border`. Are you using CSS modules or similar and missing `@reference`? https://tailwindcss.com/docs/functions-and-directives#reference-directive" 
CTX {"type":"console.error"}
[2025-09-22T03:25:38.843Z] ERROR "11:25:38 PM [vite] Internal server error: Cannot apply unknown utility class `font-sans`. Are you using CSS modules or similar and missing `@reference`? https://tailwindcss.com/docs/functions-and-directives#reference-directive\n  Plugin: @tailwindcss/vite:generate:serve\n  File: /Users/eobodoechine/PropertyVision1/client/src/index.css\n      at onInvalidCandidate (file:///Users/eobodoechine/PropertyVision1/node_modules/@tailwindcss/node/node_modules/tailwindcss/dist/chunk-U5SIPDGO.mjs:18:1332)\n      at pe (file:///Users/eobodoechine/PropertyVision1/node_modules/@tailwindcss/node/node_modules/tailwindcss/dist/chunk-U5SIPDGO.mjs:13:29888)\n      at file:///Users/eobodoechine/PropertyVision1/node_modules/@tailwindcss/node/node_modules/tailwindcss/dist/chunk-U5SIPDGO.mjs:18:373\n      at D (file:///Users/eobodoechine/PropertyVision1/node_modules/@tailwindcss/node/node_modules/tailwindcss/dist/chunk-U5SIPDGO.mjs:3:1656)\n      at Oe (file:///Users/eobodoechine/PropertyVision1/node_modules/@tailwindcss/node/node_modules/tailwindcss/dist/chunk-U5SIPDGO.mjs:18:172)\n      at ti (file:///Users/eobodoechine/PropertyVision1/node_modules/@tailwindcss/node/node_modules/tailwindcss/dist/chunk-U5SIPDGO.mjs:35:780)\n      at async mn (file:///Users/eobodoechine/PropertyVision1/node_modules/@tailwindcss/node/node_modules/tailwindcss/dist/chunk-U5SIPDGO.mjs:35:1123)\n      at async $a (file:///Users/eobodoechine/PropertyVision1/node_modules/@tailwindcss/node/node_modules/tailwindcss/dist/chunk-U5SIPDGO.mjs:35:1898)\n      at async $a (file:///Users/eobodoechine/PropertyVision1/node_modules/@tailwindcss/node/dist/index.mjs:10:3433)\n      at async C.generate (file:///Users/eobodoechine/PropertyVision1/node_modules/@tailwindcss/vite/dist/index.mjs:1:3571)\n      at async TransformPluginContext.transform (file:///Users/eobodoechine/PropertyVision1/node_modules/@tailwindcss/vite/dist/index.mjs:1:1949)\n      at async PluginContainer.transform (file:///Users/eobodoechine/PropertyVision1/node_modules/vite/dist/node/chunks/dep-D_zLpgQd.js:49099:18)\n      at async loadAndTransform (file:///Users/eobodoechine/PropertyVision1/node_modules/vite/dist/node/chunks/dep-D_zLpgQd.js:51977:27)" 
CTX {"type":"console.error"}
[2025-09-22T03:32:19.378Z] ERROR "11:32:19 PM [vite] Internal server error: Cannot apply unknown utility class `font-sans`. Are you using CSS modules or similar and missing `@reference`? https://tailwindcss.com/docs/functions-and-directives#reference-directive\n  Plugin: @tailwindcss/vite:generate:serve\n  File: /Users/eobodoechine/PropertyVision1/client/src/index.css\n      at onInvalidCandidate (file:///Users/eobodoechine/PropertyVision1/node_modules/@tailwindcss/node/node_modules/tailwindcss/dist/chunk-U5SIPDGO.mjs:18:1332)\n      at pe (file:///Users/eobodoechine/PropertyVision1/node_modules/@tailwindcss/node/node_modules/tailwindcss/dist/chunk-U5SIPDGO.mjs:13:29888)\n      at file:///Users/eobodoechine/PropertyVision1/node_modules/@tailwindcss/node/node_modules/tailwindcss/dist/chunk-U5SIPDGO.mjs:18:373\n      at D (file:///Users/eobodoechine/PropertyVision1/node_modules/@tailwindcss/node/node_modules/tailwindcss/dist/chunk-U5SIPDGO.mjs:3:1656)\n      at Oe (file:///Users/eobodoechine/PropertyVision1/node_modules/@tailwindcss/node/node_modules/tailwindcss/dist/chunk-U5SIPDGO.mjs:18:172)\n      at ti (file:///Users/eobodoechine/PropertyVision1/node_modules/@tailwindcss/node/node_modules/tailwindcss/dist/chunk-U5SIPDGO.mjs:35:780)\n      at async mn (file:///Users/eobodoechine/PropertyVision1/node_modules/@tailwindcss/node/node_modules/tailwindcss/dist/chunk-U5SIPDGO.mjs:35:1123)\n      at async $a (file:///Users/eobodoechine/PropertyVision1/node_modules/@tailwindcss/node/node_modules/tailwindcss/dist/chunk-U5SIPDGO.mjs:35:1898)\n      at async $a (file:///Users/eobodoechine/PropertyVision1/node_modules/@tailwindcss/node/dist/index.mjs:10:3433)\n      at async C.generate (file:///Users/eobodoechine/PropertyVision1/node_modules/@tailwindcss/vite/dist/index.mjs:1:3571)\n      at async TransformPluginContext.transform (file:///Users/eobodoechine/PropertyVision1/node_modules/@tailwindcss/vite/dist/index.mjs:1:1949)\n      at async PluginContainer.transform (file:///Users/eobodoechine/PropertyVision1/node_modules/vite/dist/node/chunks/dep-D_zLpgQd.js:49099:18)\n      at async loadAndTransform (file:///Users/eobodoechine/PropertyVision1/node_modules/vite/dist/node/chunks/dep-D_zLpgQd.js:51977:27)" 
CTX {"type":"console.error"}
[2025-09-22T03:36:46.029Z] ERROR "11:36:46 PM [vite] Internal server error: Cannot apply unknown utility class `font-sans`. Are you using CSS modules or similar and missing `@reference`? https://tailwindcss.com/docs/functions-and-directives#reference-directive\n  Plugin: @tailwindcss/vite:generate:serve\n  File: /Users/eobodoechine/PropertyVision1/client/src/index.css\n      at onInvalidCandidate (file:///Users/eobodoechine/PropertyVision1/node_modules/@tailwindcss/node/node_modules/tailwindcss/dist/chunk-U5SIPDGO.mjs:18:1332)\n      at pe (file:///Users/eobodoechine/PropertyVision1/node_modules/@tailwindcss/node/node_modules/tailwindcss/dist/chunk-U5SIPDGO.mjs:13:29888)\n      at file:///Users/eobodoechine/PropertyVision1/node_modules/@tailwindcss/node/node_modules/tailwindcss/dist/chunk-U5SIPDGO.mjs:18:373\n      at D (file:///Users/eobodoechine/PropertyVision1/node_modules/@tailwindcss/node/node_modules/tailwindcss/dist/chunk-U5SIPDGO.mjs:3:1656)\n      at Oe (file:///Users/eobodoechine/PropertyVision1/node_modules/@tailwindcss/node/node_modules/tailwindcss/dist/chunk-U5SIPDGO.mjs:18:172)\n      at ti (file:///Users/eobodoechine/PropertyVision1/node_modules/@tailwindcss/node/node_modules/tailwindcss/dist/chunk-U5SIPDGO.mjs:35:780)\n      at async mn (file:///Users/eobodoechine/PropertyVision1/node_modules/@tailwindcss/node/node_modules/tailwindcss/dist/chunk-U5SIPDGO.mjs:35:1123)\n      at async $a (file:///Users/eobodoechine/PropertyVision1/node_modules/@tailwindcss/node/node_modules/tailwindcss/dist/chunk-U5SIPDGO.mjs:35:1898)\n      at async $a (file:///Users/eobodoechine/PropertyVision1/node_modules/@tailwindcss/node/dist/index.mjs:10:3433)\n      at async C.generate (file:///Users/eobodoechine/PropertyVision1/node_modules/@tailwindcss/vite/dist/index.mjs:1:3571)\n      at async TransformPluginContext.transform (file:///Users/eobodoechine/PropertyVision1/node_modules/@tailwindcss/vite/dist/index.mjs:1:1949)\n      at async PluginContainer.transform (file:///Users/eobodoechine/PropertyVision1/node_modules/vite/dist/node/chunks/dep-D_zLpgQd.js:49099:18)\n      at async loadAndTransform (file:///Users/eobodoechine/PropertyVision1/node_modules/vite/dist/node/chunks/dep-D_zLpgQd.js:51977:27)" 
CTX {"type":"console.error"}
[2025-09-22T05:17:51.457Z] ERROR listen EADDRINUSE: address already in use 0.0.0.0:3001 
STACK Error: listen EADDRINUSE: address already in use 0.0.0.0:3001
    at __node_internal_captureLargerStackTrace (node:internal/errors:490:5)
    at __node_internal_uvExceptionWithHostPort (node:internal/errors:589:12)
    at Server.setupListenHandle [as _listen2] (node:net:1740:16)
    at listenInCluster (node:net:1788:12)
    at doListen (node:net:1937:7)
    at process.processTicksAndRejections (node:internal/process/task_queues:83:21) 
CTX {"type":"uncaughtException"}
[2025-09-22T06:33:11.577Z] ERROR listen EADDRINUSE: address already in use 0.0.0.0:3001 
STACK Error: listen EADDRINUSE: address already in use 0.0.0.0:3001
    at Server.setupListenHandle [as _listen2] (node:net:1940:16)
    at listenInCluster (node:net:1997:12)
    at node:net:2206:7
    at process.processTicksAndRejections (node:internal/process/task_queues:90:21) 
CTX {"type":"uncaughtException"}
[2025-09-22T20:47:42.015Z] ERROR listen EADDRINUSE: address already in use 0.0.0.0:3001 
STACK Error: listen EADDRINUSE: address already in use 0.0.0.0:3001
    at Server.setupListenHandle [as _listen2] (node:net:1940:16)
    at listenInCluster (node:net:1997:12)
    at node:net:2206:7
    at process.processTicksAndRejections (node:internal/process/task_queues:90:21) 
CTX {"type":"uncaughtException"}
[2025-09-22T20:48:23.955Z] ERROR write EPIPE 
STACK Error: write EPIPE
    at afterWriteDispatched (node:internal/stream_base_commons:159:15)
    at writeGeneric (node:internal/stream_base_commons:150:3)
    at Socket._writeGeneric (node:net:966:11)
    at Socket._write (node:net:978:8)
    at writeOrBuffer (node:internal/streams/writable:572:12)
    at _write (node:internal/streams/writable:501:10)
    at Writable.write (node:internal/streams/writable:510:10)
    at console.value (node:internal/console/constructor:298:16)
    at console.log (node:internal/console/constructor:384:26)
    at handleAnalyze (/Users/eobodoechine/PropertyVision1/server/routes.ts:122:13) 
CTX {"type":"uncaughtException"}
[2025-09-22T20:48:35.590Z] ERROR write EPIPE 
STACK Error: write EPIPE
    at afterWriteDispatched (node:internal/stream_base_commons:159:15)
    at writeGeneric (node:internal/stream_base_commons:150:3)
    at Socket._writeGeneric (node:net:966:11)
    at Socket._write (node:net:978:8)
    at writeOrBuffer (node:internal/streams/writable:572:12)
    at _write (node:internal/streams/writable:501:10)
    at Writable.write (node:internal/streams/writable:510:10)
    at console.value (node:internal/console/constructor:298:16)
    at console.log (node:internal/console/constructor:384:26)
    at fetchPropertyDetailsViaVertex (/Users/eobodoechine/PropertyVision1/server/vertex-details.ts:257:13) 
CTX {"type":"uncaughtException"}
[2025-09-22T20:49:00.510Z] ERROR write EPIPE 
STACK Error: write EPIPE
    at afterWriteDispatched (node:internal/stream_base_commons:159:15)
    at writeGeneric (node:internal/stream_base_commons:150:3)
    at Socket._writeGeneric (node:net:966:11)
    at Socket._write (node:net:978:8)
    at writeOrBuffer (node:internal/streams/writable:572:12)
    at _write (node:internal/streams/writable:501:10)
    at Writable.write (node:internal/streams/writable:510:10)
    at console.value (node:internal/console/constructor:298:16)
    at console.log (node:internal/console/constructor:384:26)
    at parseFreeformWithLLM (/Users/eobodoechine/PropertyVision1/server/vertex-details.ts:180:13) 
CTX {"type":"uncaughtException"}
[2025-09-22T20:49:09.939Z] ERROR write EPIPE 
STACK Error: write EPIPE
    at afterWriteDispatched (node:internal/stream_base_commons:159:15)
    at writeGeneric (node:internal/stream_base_commons:150:3)
    at Socket._writeGeneric (node:net:966:11)
    at Socket._write (node:net:978:8)
    at writeOrBuffer (node:internal/streams/writable:572:12)
    at _write (node:internal/streams/writable:501:10)
    at Writable.write (node:internal/streams/writable:510:10)
    at console.value (node:internal/console/constructor:298:16)
    at console.log (node:internal/console/constructor:384:26)
    at fetchPropertyDetailsViaVertex (/Users/eobodoechine/PropertyVision1/server/vertex-details.ts:257:13) 
CTX {"type":"uncaughtException"}
[2025-09-22T20:49:27.753Z] ERROR write EPIPE 
STACK Error: write EPIPE
    at afterWriteDispatched (node:internal/stream_base_commons:159:15)
    at writeGeneric (node:internal/stream_base_commons:150:3)
    at Socket._writeGeneric (node:net:966:11)
    at Socket._write (node:net:978:8)
    at writeOrBuffer (node:internal/streams/writable:572:12)
    at _write (node:internal/streams/writable:501:10)
    at Writable.write (node:internal/streams/writable:510:10)
    at console.value (node:internal/console/constructor:298:16)
    at console.log (node:internal/console/constructor:384:26)
    at parseFreeformWithLLM (/Users/eobodoechine/PropertyVision1/server/vertex-details.ts:180:13) 
CTX {"type":"uncaughtException"}
[2025-09-22T20:49:28.000Z] ERROR write EPIPE 
STACK Error: write EPIPE
    at afterWriteDispatched (node:internal/stream_base_commons:159:15)
    at writeGeneric (node:internal/stream_base_commons:150:3)
    at Socket._writeGeneric (node:net:966:11)
    at Socket._write (node:net:978:8)
    at writeOrBuffer (node:internal/streams/writable:572:12)
    at _write (node:internal/streams/writable:501:10)
    at Writable.write (node:internal/streams/writable:510:10)
    at console.value (node:internal/console/constructor:298:16)
    at console.log (node:internal/console/constructor:384:26)
    at VertexComparableSearchService.findComparables (/Users/eobodoechine/PropertyVision1/server/step3-find-comparables.ts:129:17) 
CTX {"type":"uncaughtException"}
[2025-09-22T20:49:49.115Z] ERROR write EPIPE 
STACK Error: write EPIPE
    at afterWriteDispatched (node:internal/stream_base_commons:159:15)
    at writeGeneric (node:internal/stream_base_commons:150:3)
    at Socket._writeGeneric (node:net:966:11)
    at Socket._write (node:net:978:8)
    at writeOrBuffer (node:internal/streams/writable:572:12)
    at _write (node:internal/streams/writable:501:10)
    at Writable.write (node:internal/streams/writable:510:10)
    at console.value (node:internal/console/constructor:298:16)
    at console.log (node:internal/console/constructor:384:26)
    at VertexComparableSearchService.parseVertexResponse (/Users/eobodoechine/PropertyVision1/server/step3-find-comparables.ts:718:17) 
CTX {"type":"uncaughtException"}
[2025-09-22T20:49:49.119Z] ERROR write EPIPE 
STACK Error: write EPIPE
    at afterWriteDispatched (node:internal/stream_base_commons:159:15)
    at writeGeneric (node:internal/stream_base_commons:150:3)
    at Socket._writeGeneric (node:net:966:11)
    at Socket._write (node:net:978:8)
    at writeOrBuffer (node:internal/streams/writable:572:12)
    at _write (node:internal/streams/writable:501:10)
    at Writable.write (node:internal/streams/writable:510:10)
    at console.value (node:internal/console/constructor:298:16)
    at console.log (node:internal/console/constructor:384:26)
    at VertexComparableSearchService.parseVertexResponse (/Users/eobodoechine/PropertyVision1/server/step3-find-comparables.ts:718:17) 
CTX {"type":"uncaughtException"}
[2025-09-22T20:49:50.141Z] ERROR write EPIPE 
STACK Error: write EPIPE
    at afterWriteDispatched (node:internal/stream_base_commons:159:15)
    at writeGeneric (node:internal/stream_base_commons:150:3)
    at Socket._writeGeneric (node:net:966:11)
    at Socket._write (node:net:978:8)
    at writeOrBuffer (node:internal/streams/writable:572:12)
    at _write (node:internal/streams/writable:501:10)
    at Writable.write (node:internal/streams/writable:510:10)
    at console.value (node:internal/console/constructor:298:16)
    at console.log (node:internal/console/constructor:384:26)
    at VertexComparableSearchService.parseVertexResponse (/Users/eobodoechine/PropertyVision1/server/step3-find-comparables.ts:718:17) 
CTX {"type":"uncaughtException"}
[2025-09-22T20:49:55.677Z] ERROR write EPIPE 
STACK Error: write EPIPE
    at afterWriteDispatched (node:internal/stream_base_commons:159:15)
    at writeGeneric (node:internal/stream_base_commons:150:3)
    at Socket._writeGeneric (node:net:966:11)
    at Socket._write (node:net:978:8)
    at writeOrBuffer (node:internal/streams/writable:572:12)
    at _write (node:internal/streams/writable:501:10)
    at Writable.write (node:internal/streams/writable:510:10)
    at console.value (node:internal/console/constructor:298:16)
    at console.log (node:internal/console/constructor:384:26)
    at VertexComparableSearchService.parseVertexResponse (/Users/eobodoechine/PropertyVision1/server/step3-find-comparables.ts:718:17) 
CTX {"type":"uncaughtException"}
[2025-09-22T20:50:15.885Z] ERROR write EPIPE 
STACK Error: write EPIPE
    at afterWriteDispatched (node:internal/stream_base_commons:159:15)
    at writeGeneric (node:internal/stream_base_commons:150:3)
    at Socket._writeGeneric (node:net:966:11)
    at Socket._write (node:net:978:8)
    at writeOrBuffer (node:internal/streams/writable:572:12)
    at _write (node:internal/streams/writable:501:10)
    at Writable.write (node:internal/streams/writable:510:10)
    at console.value (node:internal/console/constructor:298:16)
    at console.log (node:internal/console/constructor:384:26)
    at VertexComparableSearchService.parseVertexResponse (/Users/eobodoechine/PropertyVision1/server/step3-find-comparables.ts:718:17) 
CTX {"type":"uncaughtException"}
[2025-09-22T20:50:19.129Z] ERROR write EPIPE 
STACK Error: write EPIPE
    at afterWriteDispatched (node:internal/stream_base_commons:159:15)
    at writeGeneric (node:internal/stream_base_commons:150:3)
    at Socket._writeGeneric (node:net:966:11)
    at Socket._write (node:net:978:8)
    at writeOrBuffer (node:internal/streams/writable:572:12)
    at _write (node:internal/streams/writable:501:10)
    at Writable.write (node:internal/streams/writable:510:10)
    at console.value (node:internal/console/constructor:298:16)
    at console.log (node:internal/console/constructor:384:26)
    at VertexComparableSearchService.parseVertexResponse (/Users/eobodoechine/PropertyVision1/server/step3-find-comparables.ts:718:17) 
CTX {"type":"uncaughtException"}
[2025-09-22T20:50:19.316Z] ERROR write EPIPE 
STACK Error: write EPIPE
    at afterWriteDispatched (node:internal/stream_base_commons:159:15)
    at writeGeneric (node:internal/stream_base_commons:150:3)
    at Socket._writeGeneric (node:net:966:11)
    at Socket._write (node:net:978:8)
    at writeOrBuffer (node:internal/streams/writable:572:12)
    at _write (node:internal/streams/writable:501:10)
    at Writable.write (node:internal/streams/writable:510:10)
    at console.value (node:internal/console/constructor:298:16)
    at console.log (node:internal/console/constructor:384:26)
    at <anonymous> (/Users/eobodoechine/PropertyVision1/server/step3-find-comparables.ts:876:23) 
CTX {"type":"uncaughtException"}
[2025-09-22T20:50:19.321Z] ERROR write EPIPE 
STACK Error: write EPIPE
    at afterWriteDispatched (node:internal/stream_base_commons:159:15)
    at writeGeneric (node:internal/stream_base_commons:150:3)
    at Socket._writeGeneric (node:net:966:11)
    at Socket._write (node:net:978:8)
    at writeOrBuffer (node:internal/streams/writable:572:12)
    at _write (node:internal/streams/writable:501:10)
    at Writable.write (node:internal/streams/writable:510:10)
    at console.value (node:internal/console/constructor:298:16)
    at console.log (node:internal/console/constructor:384:26)
    at <anonymous> (/Users/eobodoechine/PropertyVision1/server/step3-find-comparables.ts:876:23) 
CTX {"type":"uncaughtException"}
[2025-09-22T20:50:19.323Z] ERROR write EPIPE 
STACK Error: write EPIPE
    at afterWriteDispatched (node:internal/stream_base_commons:159:15)
    at writeGeneric (node:internal/stream_base_commons:150:3)
    at Socket._writeGeneric (node:net:966:11)
    at Socket._write (node:net:978:8)
    at writeOrBuffer (node:internal/streams/writable:572:12)
    at _write (node:internal/streams/writable:501:10)
    at Writable.write (node:internal/streams/writable:510:10)
    at console.value (node:internal/console/constructor:298:16)
    at console.log (node:internal/console/constructor:384:26)
    at <anonymous> (/Users/eobodoechine/PropertyVision1/server/step3-find-comparables.ts:876:23) 
CTX {"type":"uncaughtException"}
[2025-09-22T20:50:19.328Z] ERROR write EPIPE 
STACK Error: write EPIPE
    at afterWriteDispatched (node:internal/stream_base_commons:159:15)
    at writeGeneric (node:internal/stream_base_commons:150:3)
    at Socket._writeGeneric (node:net:966:11)
    at Socket._write (node:net:978:8)
    at writeOrBuffer (node:internal/streams/writable:572:12)
    at _write (node:internal/streams/writable:501:10)
    at Writable.write (node:internal/streams/writable:510:10)
    at console.value (node:internal/console/constructor:298:16)
    at console.log (node:internal/console/constructor:384:26)
    at <anonymous> (/Users/eobodoechine/PropertyVision1/server/step3-find-comparables.ts:876:23) 
CTX {"type":"uncaughtException"}
[2025-09-22T20:50:19.343Z] ERROR write EPIPE 
STACK Error: write EPIPE
    at afterWriteDispatched (node:internal/stream_base_commons:159:15)
    at writeGeneric (node:internal/stream_base_commons:150:3)
    at Socket._writeGeneric (node:net:966:11)
    at Socket._write (node:net:978:8)
    at writeOrBuffer (node:internal/streams/writable:572:12)
    at _write (node:internal/streams/writable:501:10)
    at Writable.write (node:internal/streams/writable:510:10)
    at console.value (node:internal/console/constructor:298:16)
    at console.log (node:internal/console/constructor:384:26)
    at <anonymous> (/Users/eobodoechine/PropertyVision1/server/step3-find-comparables.ts:876:23) 
CTX {"type":"uncaughtException"}
[2025-09-22T20:50:19.395Z] ERROR write EPIPE 
STACK Error: write EPIPE
    at afterWriteDispatched (node:internal/stream_base_commons:159:15)
    at writeGeneric (node:internal/stream_base_commons:150:3)
    at Socket._writeGeneric (node:net:966:11)
    at Socket._write (node:net:978:8)
    at writeOrBuffer (node:internal/streams/writable:572:12)
    at _write (node:internal/streams/writable:501:10)
    at Writable.write (node:internal/streams/writable:510:10)
    at console.value (node:internal/console/constructor:298:16)
    at console.log (node:internal/console/constructor:384:26)
    at VertexComparableSearchService.findComparables (/Users/eobodoechine/PropertyVision1/server/step3-find-comparables.ts:132:17) 
CTX {"type":"uncaughtException"}
[2025-09-22T20:50:38.248Z] ERROR write EPIPE 
STACK Error: write EPIPE
    at afterWriteDispatched (node:internal/stream_base_commons:159:15)
    at writeGeneric (node:internal/stream_base_commons:150:3)
    at Socket._writeGeneric (node:net:966:11)
    at Socket._write (node:net:978:8)
    at writeOrBuffer (node:internal/streams/writable:572:12)
    at _write (node:internal/streams/writable:501:10)
    at Writable.write (node:internal/streams/writable:510:10)
    at console.value (node:internal/console/constructor:298:16)
    at console.log (node:internal/console/constructor:384:26)
    at VertexComparableSearchService.parseVertexResponse (/Users/eobodoechine/PropertyVision1/server/step3-find-comparables.ts:718:17) 
CTX {"type":"uncaughtException"}
[2025-09-22T20:50:42.097Z] ERROR write EPIPE 
STACK Error: write EPIPE
    at afterWriteDispatched (node:internal/stream_base_commons:159:15)
    at writeGeneric (node:internal/stream_base_commons:150:3)
    at Socket._writeGeneric (node:net:966:11)
    at Socket._write (node:net:978:8)
    at writeOrBuffer (node:internal/streams/writable:572:12)
    at _write (node:internal/streams/writable:501:10)
    at Writable.write (node:internal/streams/writable:510:10)
    at console.value (node:internal/console/constructor:298:16)
    at console.log (node:internal/console/constructor:384:26)
    at VertexComparableSearchService.parseVertexResponse (/Users/eobodoechine/PropertyVision1/server/step3-find-comparables.ts:718:17) 
CTX {"type":"uncaughtException"}
[2025-09-22T20:51:07.560Z] ERROR write EPIPE 
STACK Error: write EPIPE
    at afterWriteDispatched (node:internal/stream_base_commons:159:15)
    at writeGeneric (node:internal/stream_base_commons:150:3)
    at Socket._writeGeneric (node:net:966:11)
    at Socket._write (node:net:978:8)
    at writeOrBuffer (node:internal/streams/writable:572:12)
    at _write (node:internal/streams/writable:501:10)
    at Writable.write (node:internal/streams/writable:510:10)
    at console.value (node:internal/console/constructor:298:16)
    at console.log (node:internal/console/constructor:384:26)
    at VertexComparableSearchService.parseVertexResponse (/Users/eobodoechine/PropertyVision1/server/step3-find-comparables.ts:718:17) 
CTX {"type":"uncaughtException"}
[2025-09-22T20:51:07.714Z] ERROR write EPIPE 
STACK Error: write EPIPE
    at afterWriteDispatched (node:internal/stream_base_commons:159:15)
    at writeGeneric (node:internal/stream_base_commons:150:3)
    at Socket._writeGeneric (node:net:966:11)
    at Socket._write (node:net:978:8)
    at writeOrBuffer (node:internal/streams/writable:572:12)
    at _write (node:internal/streams/writable:501:10)
    at Writable.write (node:internal/streams/writable:510:10)
    at console.value (node:internal/console/constructor:298:16)
    at console.log (node:internal/console/constructor:384:26)
    at <anonymous> (/Users/eobodoechine/PropertyVision1/server/step3-find-comparables.ts:876:23) 
CTX {"type":"uncaughtException"}
[2025-09-22T20:51:07.760Z] ERROR write EPIPE 
STACK Error: write EPIPE
    at afterWriteDispatched (node:internal/stream_base_commons:159:15)
    at writeGeneric (node:internal/stream_base_commons:150:3)
    at Socket._writeGeneric (node:net:966:11)
    at Socket._write (node:net:978:8)
    at writeOrBuffer (node:internal/streams/writable:572:12)
    at _write (node:internal/streams/writable:501:10)
    at Writable.write (node:internal/streams/writable:510:10)
    at console.value (node:internal/console/constructor:298:16)
    at console.log (node:internal/console/constructor:384:26)
    at <anonymous> (/Users/eobodoechine/PropertyVision1/server/step3-find-comparables.ts:876:23) 
CTX {"type":"uncaughtException"}
[2025-09-22T20:51:07.793Z] ERROR write EPIPE 
STACK Error: write EPIPE
    at afterWriteDispatched (node:internal/stream_base_commons:159:15)
    at writeGeneric (node:internal/stream_base_commons:150:3)
    at Socket._writeGeneric (node:net:966:11)
    at Socket._write (node:net:978:8)
    at writeOrBuffer (node:internal/streams/writable:572:12)
    at _write (node:internal/streams/writable:501:10)
    at Writable.write (node:internal/streams/writable:510:10)
    at console.value (node:internal/console/constructor:298:16)
    at console.log (node:internal/console/constructor:384:26)
    at <anonymous> (/Users/eobodoechine/PropertyVision1/server/step3-find-comparables.ts:876:23) 
CTX {"type":"uncaughtException"}
[2025-09-22T20:51:07.831Z] ERROR write EPIPE 
STACK Error: write EPIPE
    at afterWriteDispatched (node:internal/stream_base_commons:159:15)
    at writeGeneric (node:internal/stream_base_commons:150:3)
    at Socket._writeGeneric (node:net:966:11)
    at Socket._write (node:net:978:8)
    at writeOrBuffer (node:internal/streams/writable:572:12)
    at _write (node:internal/streams/writable:501:10)
    at Writable.write (node:internal/streams/writable:510:10)
    at console.value (node:internal/console/constructor:298:16)
    at console.log (node:internal/console/constructor:384:26)
    at VertexComparableSearchService.findComparables (/Users/eobodoechine/PropertyVision1/server/step3-find-comparables.ts:132:17) 
CTX {"type":"uncaughtException"}
[2025-09-22T20:51:44.558Z] ERROR write EPIPE 
STACK Error: write EPIPE
    at afterWriteDispatched (node:internal/stream_base_commons:159:15)
    at writeGeneric (node:internal/stream_base_commons:150:3)
    at Socket._writeGeneric (node:net:966:11)
    at Socket._write (node:net:978:8)
    at writeOrBuffer (node:internal/streams/writable:572:12)
    at _write (node:internal/streams/writable:501:10)
    at Writable.write (node:internal/streams/writable:510:10)
    at console.value (node:internal/console/constructor:298:16)
    at console.log (node:internal/console/constructor:384:26)
    at VertexComparableSearchService.parseVertexResponse (/Users/eobodoechine/PropertyVision1/server/step3-find-comparables.ts:718:17) 
CTX {"type":"uncaughtException"}
[2025-09-22T20:51:49.537Z] ERROR write EPIPE 
STACK Error: write EPIPE
    at afterWriteDispatched (node:internal/stream_base_commons:159:15)
    at writeGeneric (node:internal/stream_base_commons:150:3)
    at Socket._writeGeneric (node:net:966:11)
    at Socket._write (node:net:978:8)
    at writeOrBuffer (node:internal/streams/writable:572:12)
    at _write (node:internal/streams/writable:501:10)
    at Writable.write (node:internal/streams/writable:510:10)
    at console.value (node:internal/console/constructor:298:16)
    at console.log (node:internal/console/constructor:384:26)
    at VertexComparableSearchService.parseVertexResponse (/Users/eobodoechine/PropertyVision1/server/step3-find-comparables.ts:718:17) 
CTX {"type":"uncaughtException"}
[2025-09-22T20:51:50.457Z] ERROR write EPIPE 
STACK Error: write EPIPE
    at afterWriteDispatched (node:internal/stream_base_commons:159:15)
    at writeGeneric (node:internal/stream_base_commons:150:3)
    at Socket._writeGeneric (node:net:966:11)
    at Socket._write (node:net:978:8)
    at writeOrBuffer (node:internal/streams/writable:572:12)
    at _write (node:internal/streams/writable:501:10)
    at Writable.write (node:internal/streams/writable:510:10)
    at console.value (node:internal/console/constructor:298:16)
    at console.log (node:internal/console/constructor:384:26)
    at VertexComparableSearchService.parseVertexResponse (/Users/eobodoechine/PropertyVision1/server/step3-find-comparables.ts:718:17) 
CTX {"type":"uncaughtException"}
[2025-09-22T20:51:50.737Z] ERROR write EPIPE 
STACK Error: write EPIPE
    at afterWriteDispatched (node:internal/stream_base_commons:159:15)
    at writeGeneric (node:internal/stream_base_commons:150:3)
    at Socket._writeGeneric (node:net:966:11)
    at Socket._write (node:net:978:8)
    at writeOrBuffer (node:internal/streams/writable:572:12)
    at _write (node:internal/streams/writable:501:10)
    at Writable.write (node:internal/streams/writable:510:10)
    at console.value (node:internal/console/constructor:298:16)
    at console.log (node:internal/console/constructor:384:26)
    at <anonymous> (/Users/eobodoechine/PropertyVision1/server/step3-find-comparables.ts:880:23) 
CTX {"type":"uncaughtException"}
[2025-09-22T20:51:50.804Z] ERROR write EPIPE 
STACK Error: write EPIPE
    at afterWriteDispatched (node:internal/stream_base_commons:159:15)
    at writeGeneric (node:internal/stream_base_commons:150:3)
    at Socket._writeGeneric (node:net:966:11)
    at Socket._write (node:net:978:8)
    at writeOrBuffer (node:internal/streams/writable:572:12)
    at _write (node:internal/streams/writable:501:10)
    at Writable.write (node:internal/streams/writable:510:10)
    at console.value (node:internal/console/constructor:298:16)
    at console.log (node:internal/console/constructor:384:26)
    at <anonymous> (/Users/eobodoechine/PropertyVision1/server/step3-find-comparables.ts:876:23) 
CTX {"type":"uncaughtException"}
[2025-09-22T20:51:50.853Z] ERROR write EPIPE 
STACK Error: write EPIPE
    at afterWriteDispatched (node:internal/stream_base_commons:159:15)
    at writeGeneric (node:internal/stream_base_commons:150:3)
    at Socket._writeGeneric (node:net:966:11)
    at Socket._write (node:net:978:8)
    at writeOrBuffer (node:internal/streams/writable:572:12)
    at _write (node:internal/streams/writable:501:10)
    at Writable.write (node:internal/streams/writable:510:10)
    at console.value (node:internal/console/constructor:298:16)
    at console.log (node:internal/console/constructor:384:26)
    at VertexComparableSearchService.findComparables (/Users/eobodoechine/PropertyVision1/server/step3-find-comparables.ts:132:17) 
CTX {"type":"uncaughtException"}
[2025-09-22T20:52:23.903Z] ERROR write EPIPE 
STACK Error: write EPIPE
    at afterWriteDispatched (node:internal/stream_base_commons:159:15)
    at writeGeneric (node:internal/stream_base_commons:150:3)
    at Socket._writeGeneric (node:net:966:11)
    at Socket._write (node:net:978:8)
    at writeOrBuffer (node:internal/streams/writable:572:12)
    at _write (node:internal/streams/writable:501:10)
    at Writable.write (node:internal/streams/writable:510:10)
    at console.value (node:internal/console/constructor:298:16)
    at console.log (node:internal/console/constructor:384:26)
    at VertexComparableSearchService.parseVertexResponse (/Users/eobodoechine/PropertyVision1/server/step3-find-comparables.ts:718:17) 
CTX {"type":"uncaughtException"}
[2025-09-22T20:52:35.878Z] ERROR write EPIPE 
STACK Error: write EPIPE
    at afterWriteDispatched (node:internal/stream_base_commons:159:15)
    at writeGeneric (node:internal/stream_base_commons:150:3)
    at Socket._writeGeneric (node:net:966:11)
    at Socket._write (node:net:978:8)
    at writeOrBuffer (node:internal/streams/writable:572:12)
    at _write (node:internal/streams/writable:501:10)
    at Writable.write (node:internal/streams/writable:510:10)
    at console.value (node:internal/console/constructor:298:16)
    at console.log (node:internal/console/constructor:384:26)
    at VertexComparableSearchService.parseVertexResponse (/Users/eobodoechine/PropertyVision1/server/step3-find-comparables.ts:718:17) 
CTX {"type":"uncaughtException"}
[2025-09-22T20:52:41.388Z] ERROR write EPIPE 
STACK Error: write EPIPE
    at afterWriteDispatched (node:internal/stream_base_commons:159:15)
    at writeGeneric (node:internal/stream_base_commons:150:3)
    at Socket._writeGeneric (node:net:966:11)
    at Socket._write (node:net:978:8)
    at writeOrBuffer (node:internal/streams/writable:572:12)
    at _write (node:internal/streams/writable:501:10)
    at Writable.write (node:internal/streams/writable:510:10)
    at console.value (node:internal/console/constructor:298:16)
    at console.log (node:internal/console/constructor:384:26)
    at VertexComparableSearchService.parseVertexResponse (/Users/eobodoechine/PropertyVision1/server/step3-find-comparables.ts:718:17) 
CTX {"type":"uncaughtException"}
[2025-09-22T20:52:41.514Z] ERROR write EPIPE 
STACK Error: write EPIPE
    at afterWriteDispatched (node:internal/stream_base_commons:159:15)
    at writeGeneric (node:internal/stream_base_commons:150:3)
    at Socket._writeGeneric (node:net:966:11)
    at Socket._write (node:net:978:8)
    at writeOrBuffer (node:internal/streams/writable:572:12)
    at _write (node:internal/streams/writable:501:10)
    at Writable.write (node:internal/streams/writable:510:10)
    at console.value (node:internal/console/constructor:298:16)
    at console.log (node:internal/console/constructor:384:26)
    at <anonymous> (/Users/eobodoechine/PropertyVision1/server/step3-find-comparables.ts:876:23) 
CTX {"type":"uncaughtException"}
[2025-09-22T20:52:41.521Z] ERROR write EPIPE 
STACK Error: write EPIPE
    at afterWriteDispatched (node:internal/stream_base_commons:159:15)
    at writeGeneric (node:internal/stream_base_commons:150:3)
    at Socket._writeGeneric (node:net:966:11)
    at Socket._write (node:net:978:8)
    at writeOrBuffer (node:internal/streams/writable:572:12)
    at _write (node:internal/streams/writable:501:10)
    at Writable.write (node:internal/streams/writable:510:10)
    at console.value (node:internal/console/constructor:298:16)
    at console.log (node:internal/console/constructor:384:26)
    at <anonymous> (/Users/eobodoechine/PropertyVision1/server/step3-find-comparables.ts:876:23) 
CTX {"type":"uncaughtException"}
[2025-09-22T20:52:41.522Z] ERROR write EPIPE 
STACK Error: write EPIPE
    at afterWriteDispatched (node:internal/stream_base_commons:159:15)
    at writeGeneric (node:internal/stream_base_commons:150:3)
    at Socket._writeGeneric (node:net:966:11)
    at Socket._write (node:net:978:8)
    at writeOrBuffer (node:internal/streams/writable:572:12)
    at _write (node:internal/streams/writable:501:10)
    at Writable.write (node:internal/streams/writable:510:10)
    at console.value (node:internal/console/constructor:298:16)
    at console.log (node:internal/console/constructor:384:26)
    at log (/Users/eobodoechine/PropertyVision1/server/vite.ts:19:11) 
CTX {"type":"uncaughtException"}
[2025-09-23T04:22:36.116Z] ERROR listen EADDRINUSE: address already in use 0.0.0.0:3001 
STACK Error: listen EADDRINUSE: address already in use 0.0.0.0:3001
    at Server.setupListenHandle [as _listen2] (node:net:1940:16)
    at listenInCluster (node:net:1997:12)
    at node:net:2206:7
    at process.processTicksAndRejections (node:internal/process/task_queues:90:21) 
CTX {"type":"uncaughtException"}
[2025-09-23T04:22:57.285Z] ERROR write EPIPE 
STACK Error: write EPIPE
    at afterWriteDispatched (node:internal/stream_base_commons:159:15)
    at writeGeneric (node:internal/stream_base_commons:150:3)
    at Socket._writeGeneric (node:net:966:11)
    at Socket._write (node:net:978:8)
    at writeOrBuffer (node:internal/streams/writable:572:12)
    at _write (node:internal/streams/writable:501:10)
    at Writable.write (node:internal/streams/writable:510:10)
    at console.value (node:internal/console/constructor:298:16)
    at console.log (node:internal/console/constructor:384:26)
    at handleAnalyze (/Users/eobodoechine/PropertyVision1/server/routes.ts:122:13) 
CTX {"type":"uncaughtException"}
[2025-09-23T04:23:07.526Z] ERROR write EPIPE 
STACK Error: write EPIPE
    at afterWriteDispatched (node:internal/stream_base_commons:159:15)
    at writeGeneric (node:internal/stream_base_commons:150:3)
    at Socket._writeGeneric (node:net:966:11)
    at Socket._write (node:net:978:8)
    at writeOrBuffer (node:internal/streams/writable:572:12)
    at _write (node:internal/streams/writable:501:10)
    at Writable.write (node:internal/streams/writable:510:10)
    at console.value (node:internal/console/constructor:298:16)
    at console.log (node:internal/console/constructor:384:26)
    at fetchPropertyDetailsViaVertex (/Users/eobodoechine/PropertyVision1/server/vertex-details.ts:257:13) 
CTX {"type":"uncaughtException"}
[2025-09-23T04:23:25.499Z] ERROR write EPIPE 
STACK Error: write EPIPE
    at afterWriteDispatched (node:internal/stream_base_commons:159:15)
    at writeGeneric (node:internal/stream_base_commons:150:3)
    at Socket._writeGeneric (node:net:966:11)
    at Socket._write (node:net:978:8)
    at writeOrBuffer (node:internal/streams/writable:572:12)
    at _write (node:internal/streams/writable:501:10)
    at Writable.write (node:internal/streams/writable:510:10)
    at console.value (node:internal/console/constructor:298:16)
    at console.log (node:internal/console/constructor:384:26)
    at parseFreeformWithLLM (/Users/eobodoechine/PropertyVision1/server/vertex-details.ts:180:13) 
CTX {"type":"uncaughtException"}
[2025-09-23T04:23:33.853Z] ERROR write EPIPE 
STACK Error: write EPIPE
    at afterWriteDispatched (node:internal/stream_base_commons:159:15)
    at writeGeneric (node:internal/stream_base_commons:150:3)
    at Socket._writeGeneric (node:net:966:11)
    at Socket._write (node:net:978:8)
    at writeOrBuffer (node:internal/streams/writable:572:12)
    at _write (node:internal/streams/writable:501:10)
    at Writable.write (node:internal/streams/writable:510:10)
    at console.value (node:internal/console/constructor:298:16)
    at console.log (node:internal/console/constructor:384:26)
    at fetchPropertyDetailsViaVertex (/Users/eobodoechine/PropertyVision1/server/vertex-details.ts:257:13) 
CTX {"type":"uncaughtException"}
[2025-09-23T04:23:50.036Z] ERROR write EPIPE 
STACK Error: write EPIPE
    at afterWriteDispatched (node:internal/stream_base_commons:159:15)
    at writeGeneric (node:internal/stream_base_commons:150:3)
    at Socket._writeGeneric (node:net:966:11)
    at Socket._write (node:net:978:8)
    at writeOrBuffer (node:internal/streams/writable:572:12)
    at _write (node:internal/streams/writable:501:10)
    at Writable.write (node:internal/streams/writable:510:10)
    at console.value (node:internal/console/constructor:298:16)
    at console.log (node:internal/console/constructor:384:26)
    at parseFreeformWithLLM (/Users/eobodoechine/PropertyVision1/server/vertex-details.ts:180:13) 
CTX {"type":"uncaughtException"}
[2025-09-23T04:23:50.277Z] ERROR write EPIPE 
STACK Error: write EPIPE
    at afterWriteDispatched (node:internal/stream_base_commons:159:15)
    at writeGeneric (node:internal/stream_base_commons:150:3)
    at Socket._writeGeneric (node:net:966:11)
    at Socket._write (node:net:978:8)
    at writeOrBuffer (node:internal/streams/writable:572:12)
    at _write (node:internal/streams/writable:501:10)
    at Writable.write (node:internal/streams/writable:510:10)
    at console.value (node:internal/console/constructor:298:16)
    at console.log (node:internal/console/constructor:384:26)
    at VertexComparableSearchService.findComparables (/Users/eobodoechine/PropertyVision1/server/step3-find-comparables.ts:129:17) 
CTX {"type":"uncaughtException"}
[2025-09-23T04:24:09.478Z] ERROR write EPIPE 
STACK Error: write EPIPE
    at afterWriteDispatched (node:internal/stream_base_commons:159:15)
    at writeGeneric (node:internal/stream_base_commons:150:3)
    at Socket._writeGeneric (node:net:966:11)
    at Socket._write (node:net:978:8)
    at writeOrBuffer (node:internal/streams/writable:572:12)
    at _write (node:internal/streams/writable:501:10)
    at Writable.write (node:internal/streams/writable:510:10)
    at console.value (node:internal/console/constructor:298:16)
    at console.log (node:internal/console/constructor:384:26)
    at VertexComparableSearchService.parseVertexResponse (/Users/eobodoechine/PropertyVision1/server/step3-find-comparables.ts:718:17) 
CTX {"type":"uncaughtException"}
[2025-09-23T04:24:11.865Z] ERROR write EPIPE 
STACK Error: write EPIPE
    at afterWriteDispatched (node:internal/stream_base_commons:159:15)
    at writeGeneric (node:internal/stream_base_commons:150:3)
    at Socket._writeGeneric (node:net:966:11)
    at Socket._write (node:net:978:8)
    at writeOrBuffer (node:internal/streams/writable:572:12)
    at _write (node:internal/streams/writable:501:10)
    at Writable.write (node:internal/streams/writable:510:10)
    at console.value (node:internal/console/constructor:298:16)
    at console.log (node:internal/console/constructor:384:26)
    at VertexComparableSearchService.parseVertexResponse (/Users/eobodoechine/PropertyVision1/server/step3-find-comparables.ts:718:17) 
CTX {"type":"uncaughtException"}
[2025-09-23T04:24:21.941Z] ERROR write EPIPE 
STACK Error: write EPIPE
    at afterWriteDispatched (node:internal/stream_base_commons:159:15)
    at writeGeneric (node:internal/stream_base_commons:150:3)
    at Socket._writeGeneric (node:net:966:11)
    at Socket._write (node:net:978:8)
    at writeOrBuffer (node:internal/streams/writable:572:12)
    at _write (node:internal/streams/writable:501:10)
    at Writable.write (node:internal/streams/writable:510:10)
    at console.value (node:internal/console/constructor:298:16)
    at console.log (node:internal/console/constructor:384:26)
    at VertexComparableSearchService.parseVertexResponse (/Users/eobodoechine/PropertyVision1/server/step3-find-comparables.ts:718:17) 
CTX {"type":"uncaughtException"}
[2025-09-23T04:24:23.066Z] ERROR write EPIPE 
STACK Error: write EPIPE
    at afterWriteDispatched (node:internal/stream_base_commons:159:15)
    at writeGeneric (node:internal/stream_base_commons:150:3)
    at Socket._writeGeneric (node:net:966:11)
    at Socket._write (node:net:978:8)
    at writeOrBuffer (node:internal/streams/writable:572:12)
    at _write (node:internal/streams/writable:501:10)
    at Writable.write (node:internal/streams/writable:510:10)
    at console.value (node:internal/console/constructor:298:16)
    at console.log (node:internal/console/constructor:384:26)
    at VertexComparableSearchService.parseVertexResponse (/Users/eobodoechine/PropertyVision1/server/step3-find-comparables.ts:718:17) 
CTX {"type":"uncaughtException"}
[2025-09-23T04:24:32.384Z] ERROR write EPIPE 
STACK Error: write EPIPE
    at afterWriteDispatched (node:internal/stream_base_commons:159:15)
    at writeGeneric (node:internal/stream_base_commons:150:3)
    at Socket._writeGeneric (node:net:966:11)
    at Socket._write (node:net:978:8)
    at writeOrBuffer (node:internal/streams/writable:572:12)
    at _write (node:internal/streams/writable:501:10)
    at Writable.write (node:internal/streams/writable:510:10)
    at console.value (node:internal/console/constructor:298:16)
    at console.log (node:internal/console/constructor:384:26)
    at VertexComparableSearchService.parseVertexResponse (/Users/eobodoechine/PropertyVision1/server/step3-find-comparables.ts:718:17) 
CTX {"type":"uncaughtException"}
[2025-09-23T04:24:45.711Z] ERROR write EPIPE 
STACK Error: write EPIPE
    at afterWriteDispatched (node:internal/stream_base_commons:159:15)
    at writeGeneric (node:internal/stream_base_commons:150:3)
    at Socket._writeGeneric (node:net:966:11)
    at Socket._write (node:net:978:8)
    at writeOrBuffer (node:internal/streams/writable:572:12)
    at _write (node:internal/streams/writable:501:10)
    at Writable.write (node:internal/streams/writable:510:10)
    at console.value (node:internal/console/constructor:298:16)
    at console.log (node:internal/console/constructor:384:26)
    at VertexComparableSearchService.parseVertexResponse (/Users/eobodoechine/PropertyVision1/server/step3-find-comparables.ts:718:17) 
CTX {"type":"uncaughtException"}
[2025-09-23T04:24:45.879Z] ERROR write EPIPE 
STACK Error: write EPIPE
    at afterWriteDispatched (node:internal/stream_base_commons:159:15)
    at writeGeneric (node:internal/stream_base_commons:150:3)
    at Socket._writeGeneric (node:net:966:11)
    at Socket._write (node:net:978:8)
    at writeOrBuffer (node:internal/streams/writable:572:12)
    at _write (node:internal/streams/writable:501:10)
    at Writable.write (node:internal/streams/writable:510:10)
    at console.value (node:internal/console/constructor:298:16)
    at console.log (node:internal/console/constructor:384:26)
    at <anonymous> (/Users/eobodoechine/PropertyVision1/server/step3-find-comparables.ts:876:23) 
CTX {"type":"uncaughtException"}
[2025-09-23T04:24:45.885Z] ERROR write EPIPE 
STACK Error: write EPIPE
    at afterWriteDispatched (node:internal/stream_base_commons:159:15)
    at writeGeneric (node:internal/stream_base_commons:150:3)
    at Socket._writeGeneric (node:net:966:11)
    at Socket._write (node:net:978:8)
    at writeOrBuffer (node:internal/streams/writable:572:12)
    at _write (node:internal/streams/writable:501:10)
    at Writable.write (node:internal/streams/writable:510:10)
    at console.value (node:internal/console/constructor:298:16)
    at console.log (node:internal/console/constructor:384:26)
    at <anonymous> (/Users/eobodoechine/PropertyVision1/server/step3-find-comparables.ts:876:23) 
CTX {"type":"uncaughtException"}
[2025-09-23T04:24:45.895Z] ERROR write EPIPE 
STACK Error: write EPIPE
    at afterWriteDispatched (node:internal/stream_base_commons:159:15)
    at writeGeneric (node:internal/stream_base_commons:150:3)
    at Socket._writeGeneric (node:net:966:11)
    at Socket._write (node:net:978:8)
    at writeOrBuffer (node:internal/streams/writable:572:12)
    at _write (node:internal/streams/writable:501:10)
    at Writable.write (node:internal/streams/writable:510:10)
    at console.value (node:internal/console/constructor:298:16)
    at console.log (node:internal/console/constructor:384:26)
    at <anonymous> (/Users/eobodoechine/PropertyVision1/server/step3-find-comparables.ts:876:23) 
CTX {"type":"uncaughtException"}
[2025-09-23T04:24:45.904Z] ERROR write EPIPE 
STACK Error: write EPIPE
    at afterWriteDispatched (node:internal/stream_base_commons:159:15)
    at writeGeneric (node:internal/stream_base_commons:150:3)
    at Socket._writeGeneric (node:net:966:11)
    at Socket._write (node:net:978:8)
    at writeOrBuffer (node:internal/streams/writable:572:12)
    at _write (node:internal/streams/writable:501:10)
    at Writable.write (node:internal/streams/writable:510:10)
    at console.value (node:internal/console/constructor:298:16)
    at console.log (node:internal/console/constructor:384:26)
    at <anonymous> (/Users/eobodoechine/PropertyVision1/server/step3-find-comparables.ts:876:23) 
CTX {"type":"uncaughtException"}
[2025-09-23T04:24:45.919Z] ERROR write EPIPE 
STACK Error: write EPIPE
    at afterWriteDispatched (node:internal/stream_base_commons:159:15)
    at writeGeneric (node:internal/stream_base_commons:150:3)
    at Socket._writeGeneric (node:net:966:11)
    at Socket._write (node:net:978:8)
    at writeOrBuffer (node:internal/streams/writable:572:12)
    at _write (node:internal/streams/writable:501:10)
    at Writable.write (node:internal/streams/writable:510:10)
    at console.value (node:internal/console/constructor:298:16)
    at console.log (node:internal/console/constructor:384:26)
    at <anonymous> (/Users/eobodoechine/PropertyVision1/server/step3-find-comparables.ts:876:23) 
CTX {"type":"uncaughtException"}
[2025-09-23T04:24:46.027Z] ERROR write EPIPE 
STACK Error: write EPIPE
    at afterWriteDispatched (node:internal/stream_base_commons:159:15)
    at writeGeneric (node:internal/stream_base_commons:150:3)
    at Socket._writeGeneric (node:net:966:11)
    at Socket._write (node:net:978:8)
    at writeOrBuffer (node:internal/streams/writable:572:12)
    at _write (node:internal/streams/writable:501:10)
    at Writable.write (node:internal/streams/writable:510:10)
    at console.value (node:internal/console/constructor:298:16)
    at console.log (node:internal/console/constructor:384:26)
    at <anonymous> (/Users/eobodoechine/PropertyVision1/server/step3-find-comparables.ts:876:23) 
CTX {"type":"uncaughtException"}
[2025-09-23T04:24:46.045Z] ERROR write EPIPE 
STACK Error: write EPIPE
    at afterWriteDispatched (node:internal/stream_base_commons:159:15)
    at writeGeneric (node:internal/stream_base_commons:150:3)
    at Socket._writeGeneric (node:net:966:11)
    at Socket._write (node:net:978:8)
    at writeOrBuffer (node:internal/streams/writable:572:12)
    at _write (node:internal/streams/writable:501:10)
    at Writable.write (node:internal/streams/writable:510:10)
    at console.value (node:internal/console/constructor:298:16)
    at console.log (node:internal/console/constructor:384:26)
    at <anonymous> (/Users/eobodoechine/PropertyVision1/server/step3-find-comparables.ts:876:23) 
CTX {"type":"uncaughtException"}
[2025-09-23T04:24:46.046Z] ERROR write EPIPE 
STACK Error: write EPIPE
    at afterWriteDispatched (node:internal/stream_base_commons:159:15)
    at writeGeneric (node:internal/stream_base_commons:150:3)
    at Socket._writeGeneric (node:net:966:11)
    at Socket._write (node:net:978:8)
    at writeOrBuffer (node:internal/streams/writable:572:12)
    at _write (node:internal/streams/writable:501:10)
    at Writable.write (node:internal/streams/writable:510:10)
    at console.value (node:internal/console/constructor:298:16)
    at console.log (node:internal/console/constructor:384:26)
    at <anonymous> (/Users/eobodoechine/PropertyVision1/server/step3-find-comparables.ts:880:23) 
CTX {"type":"uncaughtException"}
[2025-09-23T04:24:46.063Z] ERROR write EPIPE 
STACK Error: write EPIPE
    at afterWriteDispatched (node:internal/stream_base_commons:159:15)
    at writeGeneric (node:internal/stream_base_commons:150:3)
    at Socket._writeGeneric (node:net:966:11)
    at Socket._write (node:net:978:8)
    at writeOrBuffer (node:internal/streams/writable:572:12)
    at _write (node:internal/streams/writable:501:10)
    at Writable.write (node:internal/streams/writable:510:10)
    at console.value (node:internal/console/constructor:298:16)
    at console.log (node:internal/console/constructor:384:26)
    at <anonymous> (/Users/eobodoechine/PropertyVision1/server/step3-find-comparables.ts:876:23) 
CTX {"type":"uncaughtException"}
[2025-09-23T04:24:46.096Z] ERROR write EPIPE 
STACK Error: write EPIPE
    at afterWriteDispatched (node:internal/stream_base_commons:159:15)
    at writeGeneric (node:internal/stream_base_commons:150:3)
    at Socket._writeGeneric (node:net:966:11)
    at Socket._write (node:net:978:8)
    at writeOrBuffer (node:internal/streams/writable:572:12)
    at _write (node:internal/streams/writable:501:10)
    at Writable.write (node:internal/streams/writable:510:10)
    at console.value (node:internal/console/constructor:298:16)
    at console.log (node:internal/console/constructor:384:26)
    at VertexComparableSearchService.findComparables (/Users/eobodoechine/PropertyVision1/server/step3-find-comparables.ts:132:17) 
CTX {"type":"uncaughtException"}
[2025-09-23T04:25:23.041Z] ERROR write EPIPE 
STACK Error: write EPIPE
    at afterWriteDispatched (node:internal/stream_base_commons:159:15)
    at writeGeneric (node:internal/stream_base_commons:150:3)
    at Socket._writeGeneric (node:net:966:11)
    at Socket._write (node:net:978:8)
    at writeOrBuffer (node:internal/streams/writable:572:12)
    at _write (node:internal/streams/writable:501:10)
    at Writable.write (node:internal/streams/writable:510:10)
    at console.value (node:internal/console/constructor:298:16)
    at console.log (node:internal/console/constructor:384:26)
    at VertexComparableSearchService.parseVertexResponse (/Users/eobodoechine/PropertyVision1/server/step3-find-comparables.ts:718:17) 
CTX {"type":"uncaughtException"}
[2025-09-23T04:25:26.212Z] ERROR write EPIPE 
STACK Error: write EPIPE
    at afterWriteDispatched (node:internal/stream_base_commons:159:15)
    at writeGeneric (node:internal/stream_base_commons:150:3)
    at Socket._writeGeneric (node:net:966:11)
    at Socket._write (node:net:978:8)
    at writeOrBuffer (node:internal/streams/writable:572:12)
    at _write (node:internal/streams/writable:501:10)
    at Writable.write (node:internal/streams/writable:510:10)
    at console.value (node:internal/console/constructor:298:16)
    at console.log (node:internal/console/constructor:384:26)
    at VertexComparableSearchService.parseVertexResponse (/Users/eobodoechine/PropertyVision1/server/step3-find-comparables.ts:718:17) 
CTX {"type":"uncaughtException"}
[2025-09-23T04:25:29.158Z] ERROR write EPIPE 
STACK Error: write EPIPE
    at afterWriteDispatched (node:internal/stream_base_commons:159:15)
    at writeGeneric (node:internal/stream_base_commons:150:3)
    at Socket._writeGeneric (node:net:966:11)
    at Socket._write (node:net:978:8)
    at writeOrBuffer (node:internal/streams/writable:572:12)
    at _write (node:internal/streams/writable:501:10)
    at Writable.write (node:internal/streams/writable:510:10)
    at console.value (node:internal/console/constructor:298:16)
    at console.log (node:internal/console/constructor:384:26)
    at VertexComparableSearchService.parseVertexResponse (/Users/eobodoechine/PropertyVision1/server/step3-find-comparables.ts:718:17) 
CTX {"type":"uncaughtException"}
[2025-09-23T04:25:29.337Z] ERROR write EPIPE 
STACK Error: write EPIPE
    at afterWriteDispatched (node:internal/stream_base_commons:159:15)
    at writeGeneric (node:internal/stream_base_commons:150:3)
    at Socket._writeGeneric (node:net:966:11)
    at Socket._write (node:net:978:8)
    at writeOrBuffer (node:internal/streams/writable:572:12)
    at _write (node:internal/streams/writable:501:10)
    at Writable.write (node:internal/streams/writable:510:10)
    at console.value (node:internal/console/constructor:298:16)
    at console.log (node:internal/console/constructor:384:26)
    at <anonymous> (/Users/eobodoechine/PropertyVision1/server/step3-find-comparables.ts:876:23) 
CTX {"type":"uncaughtException"}
[2025-09-23T04:25:29.389Z] ERROR write EPIPE 
STACK Error: write EPIPE
    at afterWriteDispatched (node:internal/stream_base_commons:159:15)
    at writeGeneric (node:internal/stream_base_commons:150:3)
    at Socket._writeGeneric (node:net:966:11)
    at Socket._write (node:net:978:8)
    at writeOrBuffer (node:internal/streams/writable:572:12)
    at _write (node:internal/streams/writable:501:10)
    at Writable.write (node:internal/streams/writable:510:10)
    at console.value (node:internal/console/constructor:298:16)
    at console.log (node:internal/console/constructor:384:26)
    at VertexComparableSearchService.findComparables (/Users/eobodoechine/PropertyVision1/server/step3-find-comparables.ts:132:17) 
CTX {"type":"uncaughtException"}
[2025-09-23T04:25:48.460Z] ERROR write EPIPE 
STACK Error: write EPIPE
    at afterWriteDispatched (node:internal/stream_base_commons:159:15)
    at writeGeneric (node:internal/stream_base_commons:150:3)
    at Socket._writeGeneric (node:net:966:11)
    at Socket._write (node:net:978:8)
    at writeOrBuffer (node:internal/streams/writable:572:12)
    at _write (node:internal/streams/writable:501:10)
    at Writable.write (node:internal/streams/writable:510:10)
    at console.value (node:internal/console/constructor:298:16)
    at console.log (node:internal/console/constructor:384:26)
    at VertexComparableSearchService.parseVertexResponse (/Users/eobodoechine/PropertyVision1/server/step3-find-comparables.ts:718:17) 
CTX {"type":"uncaughtException"}
[2025-09-23T04:26:05.930Z] ERROR write EPIPE 
STACK Error: write EPIPE
    at afterWriteDispatched (node:internal/stream_base_commons:159:15)
    at writeGeneric (node:internal/stream_base_commons:150:3)
    at Socket._writeGeneric (node:net:966:11)
    at Socket._write (node:net:978:8)
    at writeOrBuffer (node:internal/streams/writable:572:12)
    at _write (node:internal/streams/writable:501:10)
    at Writable.write (node:internal/streams/writable:510:10)
    at console.value (node:internal/console/constructor:298:16)
    at console.log (node:internal/console/constructor:384:26)
    at VertexComparableSearchService.parseVertexResponse (/Users/eobodoechine/PropertyVision1/server/step3-find-comparables.ts:718:17) 
CTX {"type":"uncaughtException"}
[2025-09-23T04:26:08.934Z] ERROR write EPIPE 
STACK Error: write EPIPE
    at afterWriteDispatched (node:internal/stream_base_commons:159:15)
    at writeGeneric (node:internal/stream_base_commons:150:3)
    at Socket._writeGeneric (node:net:966:11)
    at Socket._write (node:net:978:8)
    at writeOrBuffer (node:internal/streams/writable:572:12)
    at _write (node:internal/streams/writable:501:10)
    at Writable.write (node:internal/streams/writable:510:10)
    at console.value (node:internal/console/constructor:298:16)
    at console.log (node:internal/console/constructor:384:26)
    at VertexComparableSearchService.parseVertexResponse (/Users/eobodoechine/PropertyVision1/server/step3-find-comparables.ts:718:17) 
CTX {"type":"uncaughtException"}
[2025-09-23T04:26:09.106Z] ERROR write EPIPE 
STACK Error: write EPIPE
    at afterWriteDispatched (node:internal/stream_base_commons:159:15)
    at writeGeneric (node:internal/stream_base_commons:150:3)
    at Socket._writeGeneric (node:net:966:11)
    at Socket._write (node:net:978:8)
    at writeOrBuffer (node:internal/streams/writable:572:12)
    at _write (node:internal/streams/writable:501:10)
    at Writable.write (node:internal/streams/writable:510:10)
    at console.value (node:internal/console/constructor:298:16)
    at console.log (node:internal/console/constructor:384:26)
    at <anonymous> (/Users/eobodoechine/PropertyVision1/server/step3-find-comparables.ts:880:23) 
CTX {"type":"uncaughtException"}
[2025-09-23T04:30:49.624Z] ERROR listen EADDRINUSE: address already in use 0.0.0.0:3001 
STACK Error: listen EADDRINUSE: address already in use 0.0.0.0:3001
    at Server.setupListenHandle [as _listen2] (node:net:1940:16)
    at listenInCluster (node:net:1997:12)
    at node:net:2206:7
    at process.processTicksAndRejections (node:internal/process/task_queues:90:21) 
CTX {"type":"uncaughtException"}
[2025-09-23T04:35:35.398Z] ERROR write EPIPE 
STACK Error: write EPIPE
    at afterWriteDispatched (node:internal/stream_base_commons:159:15)
    at writeGeneric (node:internal/stream_base_commons:150:3)
    at Socket._writeGeneric (node:net:966:11)
    at Socket._write (node:net:978:8)
    at writeOrBuffer (node:internal/streams/writable:572:12)
    at _write (node:internal/streams/writable:501:10)
    at Writable.write (node:internal/streams/writable:510:10)
    at console.value (node:internal/console/constructor:298:16)
    at console.log (node:internal/console/constructor:384:26)
    at handleAnalyze (/Users/eobodoechine/PropertyVision1/server/routes.ts:122:13) 
CTX {"type":"uncaughtException"}
[2025-09-23T04:35:47.542Z] ERROR write EPIPE 
STACK Error: write EPIPE
    at afterWriteDispatched (node:internal/stream_base_commons:159:15)
    at writeGeneric (node:internal/stream_base_commons:150:3)
    at Socket._writeGeneric (node:net:966:11)
    at Socket._write (node:net:978:8)
    at writeOrBuffer (node:internal/streams/writable:572:12)
    at _write (node:internal/streams/writable:501:10)
    at Writable.write (node:internal/streams/writable:510:10)
    at console.value (node:internal/console/constructor:298:16)
    at console.log (node:internal/console/constructor:384:26)
    at fetchPropertyDetailsViaVertex (/Users/eobodoechine/PropertyVision1/server/vertex-details.ts:257:13) 
CTX {"type":"uncaughtException"}
[2025-09-23T04:36:00.614Z] ERROR write EPIPE 
STACK Error: write EPIPE
    at afterWriteDispatched (node:internal/stream_base_commons:159:15)
    at writeGeneric (node:internal/stream_base_commons:150:3)
    at Socket._writeGeneric (node:net:966:11)
    at Socket._write (node:net:978:8)
    at writeOrBuffer (node:internal/streams/writable:572:12)
    at _write (node:internal/streams/writable:501:10)
    at Writable.write (node:internal/streams/writable:510:10)
    at console.value (node:internal/console/constructor:298:16)
    at console.log (node:internal/console/constructor:384:26)
    at parseFreeformWithLLM (/Users/eobodoechine/PropertyVision1/server/vertex-details.ts:180:13) 
CTX {"type":"uncaughtException"}
[2025-09-23T04:36:12.280Z] ERROR write EPIPE 
STACK Error: write EPIPE
    at afterWriteDispatched (node:internal/stream_base_commons:159:15)
    at writeGeneric (node:internal/stream_base_commons:150:3)
    at Socket._writeGeneric (node:net:966:11)
    at Socket._write (node:net:978:8)
    at writeOrBuffer (node:internal/streams/writable:572:12)
    at _write (node:internal/streams/writable:501:10)
    at Writable.write (node:internal/streams/writable:510:10)
    at console.value (node:internal/console/constructor:298:16)
    at console.log (node:internal/console/constructor:384:26)
    at fetchPropertyDetailsViaVertex (/Users/eobodoechine/PropertyVision1/server/vertex-details.ts:257:13) 
CTX {"type":"uncaughtException"}
[2025-09-23T04:36:29.730Z] ERROR write EPIPE 
STACK Error: write EPIPE
    at afterWriteDispatched (node:internal/stream_base_commons:159:15)
    at writeGeneric (node:internal/stream_base_commons:150:3)
    at Socket._writeGeneric (node:net:966:11)
    at Socket._write (node:net:978:8)
    at writeOrBuffer (node:internal/streams/writable:572:12)
    at _write (node:internal/streams/writable:501:10)
    at Writable.write (node:internal/streams/writable:510:10)
    at console.value (node:internal/console/constructor:298:16)
    at console.log (node:internal/console/constructor:384:26)
    at parseFreeformWithLLM (/Users/eobodoechine/PropertyVision1/server/vertex-details.ts:180:13) 
CTX {"type":"uncaughtException"}
[2025-09-23T04:36:29.828Z] ERROR write EPIPE 
STACK Error: write EPIPE
    at afterWriteDispatched (node:internal/stream_base_commons:159:15)
    at writeGeneric (node:internal/stream_base_commons:150:3)
    at Socket._writeGeneric (node:net:966:11)
    at Socket._write (node:net:978:8)
    at writeOrBuffer (node:internal/streams/writable:572:12)
    at _write (node:internal/streams/writable:501:10)
    at Writable.write (node:internal/streams/writable:510:10)
    at console.value (node:internal/console/constructor:298:16)
    at console.log (node:internal/console/constructor:384:26)
    at VertexComparableSearchService.findComparables (/Users/eobodoechine/PropertyVision1/server/step3-find-comparables.ts:129:17) 
CTX {"type":"uncaughtException"}
[2025-09-23T04:36:34.872Z] ERROR write EPIPE 
STACK Error: write EPIPE
    at afterWriteDispatched (node:internal/stream_base_commons:159:15)
    at writeGeneric (node:internal/stream_base_commons:150:3)
    at Socket._writeGeneric (node:net:966:11)
    at Socket._write (node:net:978:8)
    at writeOrBuffer (node:internal/streams/writable:572:12)
    at _write (node:internal/streams/writable:501:10)
    at Writable.write (node:internal/streams/writable:510:10)
    at console.value (node:internal/console/constructor:298:16)
    at console.log (node:internal/console/constructor:384:26)
    at handleAnalyze (/Users/eobodoechine/PropertyVision1/server/routes.ts:122:13) 
CTX {"type":"uncaughtException"}
[2025-09-23T04:36:46.115Z] ERROR write EPIPE 
STACK Error: write EPIPE
    at afterWriteDispatched (node:internal/stream_base_commons:159:15)
    at writeGeneric (node:internal/stream_base_commons:150:3)
    at Socket._writeGeneric (node:net:966:11)
    at Socket._write (node:net:978:8)
    at writeOrBuffer (node:internal/streams/writable:572:12)
    at _write (node:internal/streams/writable:501:10)
    at Writable.write (node:internal/streams/writable:510:10)
    at console.value (node:internal/console/constructor:298:16)
    at console.log (node:internal/console/constructor:384:26)
    at fetchPropertyDetailsViaVertex (/Users/eobodoechine/PropertyVision1/server/vertex-details.ts:257:13) 
CTX {"type":"uncaughtException"}
[2025-09-23T04:36:51.117Z] ERROR write EPIPE 
STACK Error: write EPIPE
    at afterWriteDispatched (node:internal/stream_base_commons:159:15)
    at writeGeneric (node:internal/stream_base_commons:150:3)
    at Socket._writeGeneric (node:net:966:11)
    at Socket._write (node:net:978:8)
    at writeOrBuffer (node:internal/streams/writable:572:12)
    at _write (node:internal/streams/writable:501:10)
    at Writable.write (node:internal/streams/writable:510:10)
    at console.value (node:internal/console/constructor:298:16)
    at console.log (node:internal/console/constructor:384:26)
    at VertexComparableSearchService.parseVertexResponse (/Users/eobodoechine/PropertyVision1/server/step3-find-comparables.ts:718:17) 
CTX {"type":"uncaughtException"}
[2025-09-23T04:37:01.982Z] ERROR write EPIPE 
STACK Error: write EPIPE
    at afterWriteDispatched (node:internal/stream_base_commons:159:15)
    at writeGeneric (node:internal/stream_base_commons:150:3)
    at Socket._writeGeneric (node:net:966:11)
    at Socket._write (node:net:978:8)
    at writeOrBuffer (node:internal/streams/writable:572:12)
    at _write (node:internal/streams/writable:501:10)
    at Writable.write (node:internal/streams/writable:510:10)
    at console.value (node:internal/console/constructor:298:16)
    at console.log (node:internal/console/constructor:384:26)
    at parseFreeformWithLLM (/Users/eobodoechine/PropertyVision1/server/vertex-details.ts:180:13) 
CTX {"type":"uncaughtException"}
[2025-09-23T04:37:04.585Z] ERROR write EPIPE 
STACK Error: write EPIPE
    at afterWriteDispatched (node:internal/stream_base_commons:159:15)
    at writeGeneric (node:internal/stream_base_commons:150:3)
    at Socket._writeGeneric (node:net:966:11)
    at Socket._write (node:net:978:8)
    at writeOrBuffer (node:internal/streams/writable:572:12)
    at _write (node:internal/streams/writable:501:10)
    at Writable.write (node:internal/streams/writable:510:10)
    at console.value (node:internal/console/constructor:298:16)
    at console.log (node:internal/console/constructor:384:26)
    at VertexComparableSearchService.parseVertexResponse (/Users/eobodoechine/PropertyVision1/server/step3-find-comparables.ts:718:17) 
CTX {"type":"uncaughtException"}
[2025-09-23T04:37:05.325Z] ERROR write EPIPE 
STACK Error: write EPIPE
    at afterWriteDispatched (node:internal/stream_base_commons:159:15)
    at writeGeneric (node:internal/stream_base_commons:150:3)
    at Socket._writeGeneric (node:net:966:11)
    at Socket._write (node:net:978:8)
    at writeOrBuffer (node:internal/streams/writable:572:12)
    at _write (node:internal/streams/writable:501:10)
    at Writable.write (node:internal/streams/writable:510:10)
    at console.value (node:internal/console/constructor:298:16)
    at console.log (node:internal/console/constructor:384:26)
    at VertexComparableSearchService.parseVertexResponse (/Users/eobodoechine/PropertyVision1/server/step3-find-comparables.ts:718:17) 
CTX {"type":"uncaughtException"}
[2025-09-23T04:37:07.943Z] ERROR write EPIPE 
STACK Error: write EPIPE
    at afterWriteDispatched (node:internal/stream_base_commons:159:15)
    at writeGeneric (node:internal/stream_base_commons:150:3)
    at Socket._writeGeneric (node:net:966:11)
    at Socket._write (node:net:978:8)
    at writeOrBuffer (node:internal/streams/writable:572:12)
    at _write (node:internal/streams/writable:501:10)
    at Writable.write (node:internal/streams/writable:510:10)
    at console.value (node:internal/console/constructor:298:16)
    at console.log (node:internal/console/constructor:384:26)
    at VertexComparableSearchService.parseVertexResponse (/Users/eobodoechine/PropertyVision1/server/step3-find-comparables.ts:718:17) 
CTX {"type":"uncaughtException"}
[2025-09-23T04:37:10.685Z] ERROR write EPIPE 
STACK Error: write EPIPE
    at afterWriteDispatched (node:internal/stream_base_commons:159:15)
    at writeGeneric (node:internal/stream_base_commons:150:3)
    at Socket._writeGeneric (node:net:966:11)
    at Socket._write (node:net:978:8)
    at writeOrBuffer (node:internal/streams/writable:572:12)
    at _write (node:internal/streams/writable:501:10)
    at Writable.write (node:internal/streams/writable:510:10)
    at console.value (node:internal/console/constructor:298:16)
    at console.log (node:internal/console/constructor:384:26)
    at VertexComparableSearchService.parseVertexResponse (/Users/eobodoechine/PropertyVision1/server/step3-find-comparables.ts:718:17) 
CTX {"type":"uncaughtException"}
[2025-09-23T04:37:14.293Z] ERROR write EPIPE 
STACK Error: write EPIPE
    at afterWriteDispatched (node:internal/stream_base_commons:159:15)
    at writeGeneric (node:internal/stream_base_commons:150:3)
    at Socket._writeGeneric (node:net:966:11)
    at Socket._write (node:net:978:8)
    at writeOrBuffer (node:internal/streams/writable:572:12)
    at _write (node:internal/streams/writable:501:10)
    at Writable.write (node:internal/streams/writable:510:10)
    at console.value (node:internal/console/constructor:298:16)
    at console.log (node:internal/console/constructor:384:26)
    at fetchPropertyDetailsViaVertex (/Users/eobodoechine/PropertyVision1/server/vertex-details.ts:257:13) 
CTX {"type":"uncaughtException"}
[2025-09-23T04:37:18.827Z] ERROR write EPIPE 
STACK Error: write EPIPE
    at afterWriteDispatched (node:internal/stream_base_commons:159:15)
    at writeGeneric (node:internal/stream_base_commons:150:3)
    at Socket._writeGeneric (node:net:966:11)
    at Socket._write (node:net:978:8)
    at writeOrBuffer (node:internal/streams/writable:572:12)
    at _write (node:internal/streams/writable:501:10)
    at Writable.write (node:internal/streams/writable:510:10)
    at console.value (node:internal/console/constructor:298:16)
    at console.log (node:internal/console/constructor:384:26)
    at VertexComparableSearchService.parseVertexResponse (/Users/eobodoechine/PropertyVision1/server/step3-find-comparables.ts:718:17) 
CTX {"type":"uncaughtException"}
[2025-09-23T04:37:18.900Z] ERROR write EPIPE 
STACK Error: write EPIPE
    at afterWriteDispatched (node:internal/stream_base_commons:159:15)
    at writeGeneric (node:internal/stream_base_commons:150:3)
    at Socket._writeGeneric (node:net:966:11)
    at Socket._write (node:net:978:8)
    at writeOrBuffer (node:internal/streams/writable:572:12)
    at _write (node:internal/streams/writable:501:10)
    at Writable.write (node:internal/streams/writable:510:10)
    at console.value (node:internal/console/constructor:298:16)
    at console.log (node:internal/console/constructor:384:26)
    at <anonymous> (/Users/eobodoechine/PropertyVision1/server/step3-find-comparables.ts:876:23) 
CTX {"type":"uncaughtException"}
[2025-09-23T04:37:18.916Z] ERROR write EPIPE 
STACK Error: write EPIPE
    at afterWriteDispatched (node:internal/stream_base_commons:159:15)
    at writeGeneric (node:internal/stream_base_commons:150:3)
    at Socket._writeGeneric (node:net:966:11)
    at Socket._write (node:net:978:8)
    at writeOrBuffer (node:internal/streams/writable:572:12)
    at _write (node:internal/streams/writable:501:10)
    at Writable.write (node:internal/streams/writable:510:10)
    at console.value (node:internal/console/constructor:298:16)
    at console.log (node:internal/console/constructor:384:26)
    at <anonymous> (/Users/eobodoechine/PropertyVision1/server/step3-find-comparables.ts:876:23) 
CTX {"type":"uncaughtException"}
[2025-09-23T04:37:18.932Z] ERROR write EPIPE 
STACK Error: write EPIPE
    at afterWriteDispatched (node:internal/stream_base_commons:159:15)
    at writeGeneric (node:internal/stream_base_commons:150:3)
    at Socket._writeGeneric (node:net:966:11)
    at Socket._write (node:net:978:8)
    at writeOrBuffer (node:internal/streams/writable:572:12)
    at _write (node:internal/streams/writable:501:10)
    at Writable.write (node:internal/streams/writable:510:10)
    at console.value (node:internal/console/constructor:298:16)
    at console.log (node:internal/console/constructor:384:26)
    at <anonymous> (/Users/eobodoechine/PropertyVision1/server/step3-find-comparables.ts:876:23) 
CTX {"type":"uncaughtException"}
[2025-09-23T04:37:19.012Z] ERROR write EPIPE 
STACK Error: write EPIPE
    at afterWriteDispatched (node:internal/stream_base_commons:159:15)
    at writeGeneric (node:internal/stream_base_commons:150:3)
    at Socket._writeGeneric (node:net:966:11)
    at Socket._write (node:net:978:8)
    at writeOrBuffer (node:internal/streams/writable:572:12)
    at _write (node:internal/streams/writable:501:10)
    at Writable.write (node:internal/streams/writable:510:10)
    at console.value (node:internal/console/constructor:298:16)
    at console.log (node:internal/console/constructor:384:26)
    at <anonymous> (/Users/eobodoechine/PropertyVision1/server/step3-find-comparables.ts:876:23) 
CTX {"type":"uncaughtException"}
[2025-09-23T04:37:19.052Z] ERROR write EPIPE 
STACK Error: write EPIPE
    at afterWriteDispatched (node:internal/stream_base_commons:159:15)
    at writeGeneric (node:internal/stream_base_commons:150:3)
    at Socket._writeGeneric (node:net:966:11)
    at Socket._write (node:net:978:8)
    at writeOrBuffer (node:internal/streams/writable:572:12)
    at _write (node:internal/streams/writable:501:10)
    at Writable.write (node:internal/streams/writable:510:10)
    at console.value (node:internal/console/constructor:298:16)
    at console.log (node:internal/console/constructor:384:26)
    at <anonymous> (/Users/eobodoechine/PropertyVision1/server/step3-find-comparables.ts:876:23) 
CTX {"type":"uncaughtException"}
[2025-09-23T04:37:19.100Z] ERROR write EPIPE 
STACK Error: write EPIPE
    at afterWriteDispatched (node:internal/stream_base_commons:159:15)
    at writeGeneric (node:internal/stream_base_commons:150:3)
    at Socket._writeGeneric (node:net:966:11)
    at Socket._write (node:net:978:8)
    at writeOrBuffer (node:internal/streams/writable:572:12)
    at _write (node:internal/streams/writable:501:10)
    at Writable.write (node:internal/streams/writable:510:10)
    at console.value (node:internal/console/constructor:298:16)
    at console.log (node:internal/console/constructor:384:26)
    at VertexComparableSearchService.findComparables (/Users/eobodoechine/PropertyVision1/server/step3-find-comparables.ts:173:15) 
CTX {"type":"uncaughtException"}
[2025-09-23T04:37:19.117Z] ERROR write EPIPE 
STACK Error: write EPIPE
    at afterWriteDispatched (node:internal/stream_base_commons:159:15)
    at writeGeneric (node:internal/stream_base_commons:150:3)
    at Socket._writeGeneric (node:net:966:11)
    at Socket._write (node:net:978:8)
    at writeOrBuffer (node:internal/streams/writable:572:12)
    at _write (node:internal/streams/writable:501:10)
    at Writable.write (node:internal/streams/writable:510:10)
    at console.value (node:internal/console/constructor:298:16)
    at console.log (node:internal/console/constructor:384:26)
    at VertexComparableSearchService.findComparables (/Users/eobodoechine/PropertyVision1/server/step3-find-comparables.ts:132:17) 
CTX {"type":"uncaughtException"}
[2025-09-23T04:37:32.918Z] ERROR write EPIPE 
STACK Error: write EPIPE
    at afterWriteDispatched (node:internal/stream_base_commons:159:15)
    at writeGeneric (node:internal/stream_base_commons:150:3)
    at Socket._writeGeneric (node:net:966:11)
    at Socket._write (node:net:978:8)
    at writeOrBuffer (node:internal/streams/writable:572:12)
    at _write (node:internal/streams/writable:501:10)
    at Writable.write (node:internal/streams/writable:510:10)
    at console.value (node:internal/console/constructor:298:16)
    at console.log (node:internal/console/constructor:384:26)
    at parseFreeformWithLLM (/Users/eobodoechine/PropertyVision1/server/vertex-details.ts:180:13) 
CTX {"type":"uncaughtException"}
[2025-09-23T04:37:32.996Z] ERROR write EPIPE 
STACK Error: write EPIPE
    at afterWriteDispatched (node:internal/stream_base_commons:159:15)
    at writeGeneric (node:internal/stream_base_commons:150:3)
    at Socket._writeGeneric (node:net:966:11)
    at Socket._write (node:net:978:8)
    at writeOrBuffer (node:internal/streams/writable:572:12)
    at _write (node:internal/streams/writable:501:10)
    at Writable.write (node:internal/streams/writable:510:10)
    at console.value (node:internal/console/constructor:298:16)
    at console.log (node:internal/console/constructor:384:26)
    at VertexComparableSearchService.findComparables (/Users/eobodoechine/PropertyVision1/server/step3-find-comparables.ts:129:17) 
CTX {"type":"uncaughtException"}
[2025-09-23T04:37:47.783Z] ERROR write EPIPE 
STACK Error: write EPIPE
    at afterWriteDispatched (node:internal/stream_base_commons:159:15)
    at writeGeneric (node:internal/stream_base_commons:150:3)
    at Socket._writeGeneric (node:net:966:11)
    at Socket._write (node:net:978:8)
    at writeOrBuffer (node:internal/streams/writable:572:12)
    at _write (node:internal/streams/writable:501:10)
    at Writable.write (node:internal/streams/writable:510:10)
    at console.value (node:internal/console/constructor:298:16)
    at console.log (node:internal/console/constructor:384:26)
    at VertexComparableSearchService.parseVertexResponse (/Users/eobodoechine/PropertyVision1/server/step3-find-comparables.ts:718:17) 
CTX {"type":"uncaughtException"}
[2025-09-23T04:37:49.175Z] ERROR write EPIPE 
STACK Error: write EPIPE
    at afterWriteDispatched (node:internal/stream_base_commons:159:15)
    at writeGeneric (node:internal/stream_base_commons:150:3)
    at Socket._writeGeneric (node:net:966:11)
    at Socket._write (node:net:978:8)
    at writeOrBuffer (node:internal/streams/writable:572:12)
    at _write (node:internal/streams/writable:501:10)
    at Writable.write (node:internal/streams/writable:510:10)
    at console.value (node:internal/console/constructor:298:16)
    at console.log (node:internal/console/constructor:384:26)
    at VertexComparableSearchService.parseVertexResponse (/Users/eobodoechine/PropertyVision1/server/step3-find-comparables.ts:718:17) 
CTX {"type":"uncaughtException"}
[2025-09-23T04:37:57.086Z] ERROR write EPIPE 
STACK Error: write EPIPE
    at afterWriteDispatched (node:internal/stream_base_commons:159:15)
    at writeGeneric (node:internal/stream_base_commons:150:3)
    at Socket._writeGeneric (node:net:966:11)
    at Socket._write (node:net:978:8)
    at writeOrBuffer (node:internal/streams/writable:572:12)
    at _write (node:internal/streams/writable:501:10)
    at Writable.write (node:internal/streams/writable:510:10)
    at console.value (node:internal/console/constructor:298:16)
    at console.log (node:internal/console/constructor:384:26)
    at VertexComparableSearchService.parseVertexResponse (/Users/eobodoechine/PropertyVision1/server/step3-find-comparables.ts:718:17) 
CTX {"type":"uncaughtException"}
[2025-09-23T04:38:02.798Z] ERROR write EPIPE 
STACK Error: write EPIPE
    at afterWriteDispatched (node:internal/stream_base_commons:159:15)
    at writeGeneric (node:internal/stream_base_commons:150:3)
    at Socket._writeGeneric (node:net:966:11)
    at Socket._write (node:net:978:8)
    at writeOrBuffer (node:internal/streams/writable:572:12)
    at _write (node:internal/streams/writable:501:10)
    at Writable.write (node:internal/streams/writable:510:10)
    at console.value (node:internal/console/constructor:298:16)
    at console.log (node:internal/console/constructor:384:26)
    at VertexComparableSearchService.parseVertexResponse (/Users/eobodoechine/PropertyVision1/server/step3-find-comparables.ts:718:17) 
CTX {"type":"uncaughtException"}
[2025-09-23T04:38:02.878Z] ERROR write EPIPE 
STACK Error: write EPIPE
    at afterWriteDispatched (node:internal/stream_base_commons:159:15)
    at writeGeneric (node:internal/stream_base_commons:150:3)
    at Socket._writeGeneric (node:net:966:11)
    at Socket._write (node:net:978:8)
    at writeOrBuffer (node:internal/streams/writable:572:12)
    at _write (node:internal/streams/writable:501:10)
    at Writable.write (node:internal/streams/writable:510:10)
    at console.value (node:internal/console/constructor:298:16)
    at console.log (node:internal/console/constructor:384:26)
    at <anonymous> (/Users/eobodoechine/PropertyVision1/server/step3-find-comparables.ts:876:23) 
CTX {"type":"uncaughtException"}
[2025-09-23T04:38:02.949Z] ERROR write EPIPE 
STACK Error: write EPIPE
    at afterWriteDispatched (node:internal/stream_base_commons:159:15)
    at writeGeneric (node:internal/stream_base_commons:150:3)
    at Socket._writeGeneric (node:net:966:11)
    at Socket._write (node:net:978:8)
    at writeOrBuffer (node:internal/streams/writable:572:12)
    at _write (node:internal/streams/writable:501:10)
    at Writable.write (node:internal/streams/writable:510:10)
    at console.value (node:internal/console/constructor:298:16)
    at console.log (node:internal/console/constructor:384:26)
    at <anonymous> (/Users/eobodoechine/PropertyVision1/server/step3-find-comparables.ts:880:23) 
CTX {"type":"uncaughtException"}
[2025-09-23T04:38:02.956Z] ERROR write EPIPE 
STACK Error: write EPIPE
    at afterWriteDispatched (node:internal/stream_base_commons:159:15)
    at writeGeneric (node:internal/stream_base_commons:150:3)
    at Socket._writeGeneric (node:net:966:11)
    at Socket._write (node:net:978:8)
    at writeOrBuffer (node:internal/streams/writable:572:12)
    at _write (node:internal/streams/writable:501:10)
    at Writable.write (node:internal/streams/writable:510:10)
    at console.value (node:internal/console/constructor:298:16)
    at console.log (node:internal/console/constructor:384:26)
    at <anonymous> (/Users/eobodoechine/PropertyVision1/server/step3-find-comparables.ts:876:23) 
CTX {"type":"uncaughtException"}
[2025-09-23T04:38:02.988Z] ERROR write EPIPE 
STACK Error: write EPIPE
    at afterWriteDispatched (node:internal/stream_base_commons:159:15)
    at writeGeneric (node:internal/stream_base_commons:150:3)
    at Socket._writeGeneric (node:net:966:11)
    at Socket._write (node:net:978:8)
    at writeOrBuffer (node:internal/streams/writable:572:12)
    at _write (node:internal/streams/writable:501:10)
    at Writable.write (node:internal/streams/writable:510:10)
    at console.value (node:internal/console/constructor:298:16)
    at console.log (node:internal/console/constructor:384:26)
    at VertexComparableSearchService.findComparables (/Users/eobodoechine/PropertyVision1/server/step3-find-comparables.ts:129:17) 
CTX {"type":"uncaughtException"}
[2025-09-23T04:38:03.826Z] ERROR write EPIPE 
STACK Error: write EPIPE
    at afterWriteDispatched (node:internal/stream_base_commons:159:15)
    at writeGeneric (node:internal/stream_base_commons:150:3)
    at Socket._writeGeneric (node:net:966:11)
    at Socket._write (node:net:978:8)
    at writeOrBuffer (node:internal/streams/writable:572:12)
    at _write (node:internal/streams/writable:501:10)
    at Writable.write (node:internal/streams/writable:510:10)
    at console.value (node:internal/console/constructor:298:16)
    at console.log (node:internal/console/constructor:384:26)
    at VertexComparableSearchService.parseVertexResponse (/Users/eobodoechine/PropertyVision1/server/step3-find-comparables.ts:718:17) 
CTX {"type":"uncaughtException"}
[2025-09-23T04:38:07.042Z] ERROR write EPIPE 
STACK Error: write EPIPE
    at afterWriteDispatched (node:internal/stream_base_commons:159:15)
    at writeGeneric (node:internal/stream_base_commons:150:3)
    at Socket._writeGeneric (node:net:966:11)
    at Socket._write (node:net:978:8)
    at writeOrBuffer (node:internal/streams/writable:572:12)
    at _write (node:internal/streams/writable:501:10)
    at Writable.write (node:internal/streams/writable:510:10)
    at console.value (node:internal/console/constructor:298:16)
    at console.log (node:internal/console/constructor:384:26)
    at VertexComparableSearchService.parseVertexResponse (/Users/eobodoechine/PropertyVision1/server/step3-find-comparables.ts:718:17) 
CTX {"type":"uncaughtException"}
[2025-09-23T04:38:10.406Z] ERROR write EPIPE 
STACK Error: write EPIPE
    at afterWriteDispatched (node:internal/stream_base_commons:159:15)
    at writeGeneric (node:internal/stream_base_commons:150:3)
    at Socket._writeGeneric (node:net:966:11)
    at Socket._write (node:net:978:8)
    at writeOrBuffer (node:internal/streams/writable:572:12)
    at _write (node:internal/streams/writable:501:10)
    at Writable.write (node:internal/streams/writable:510:10)
    at console.value (node:internal/console/constructor:298:16)
    at console.log (node:internal/console/constructor:384:26)
    at VertexComparableSearchService.parseVertexResponse (/Users/eobodoechine/PropertyVision1/server/step3-find-comparables.ts:718:17) 
CTX {"type":"uncaughtException"}
[2025-09-23T04:38:15.893Z] ERROR write EPIPE 
STACK Error: write EPIPE
    at afterWriteDispatched (node:internal/stream_base_commons:159:15)
    at writeGeneric (node:internal/stream_base_commons:150:3)
    at Socket._writeGeneric (node:net:966:11)
    at Socket._write (node:net:978:8)
    at writeOrBuffer (node:internal/streams/writable:572:12)
    at _write (node:internal/streams/writable:501:10)
    at Writable.write (node:internal/streams/writable:510:10)
    at console.value (node:internal/console/constructor:298:16)
    at console.log (node:internal/console/constructor:384:26)
    at VertexComparableSearchService.parseVertexResponse (/Users/eobodoechine/PropertyVision1/server/step3-find-comparables.ts:718:17) 
CTX {"type":"uncaughtException"}
[2025-09-23T04:38:16.913Z] ERROR write EPIPE 
STACK Error: write EPIPE
    at afterWriteDispatched (node:internal/stream_base_commons:159:15)
    at writeGeneric (node:internal/stream_base_commons:150:3)
    at Socket._writeGeneric (node:net:966:11)
    at Socket._write (node:net:978:8)
    at writeOrBuffer (node:internal/streams/writable:572:12)
    at _write (node:internal/streams/writable:501:10)
    at Writable.write (node:internal/streams/writable:510:10)
    at console.value (node:internal/console/constructor:298:16)
    at console.log (node:internal/console/constructor:384:26)
    at VertexComparableSearchService.parseVertexResponse (/Users/eobodoechine/PropertyVision1/server/step3-find-comparables.ts:718:17) 
CTX {"type":"uncaughtException"}
[2025-09-23T04:38:16.973Z] ERROR write EPIPE 
STACK Error: write EPIPE
    at afterWriteDispatched (node:internal/stream_base_commons:159:15)
    at writeGeneric (node:internal/stream_base_commons:150:3)
    at Socket._writeGeneric (node:net:966:11)
    at Socket._write (node:net:978:8)
    at writeOrBuffer (node:internal/streams/writable:572:12)
    at _write (node:internal/streams/writable:501:10)
    at Writable.write (node:internal/streams/writable:510:10)
    at console.value (node:internal/console/constructor:298:16)
    at console.log (node:internal/console/constructor:384:26)
    at <anonymous> (/Users/eobodoechine/PropertyVision1/server/step3-find-comparables.ts:876:23) 
CTX {"type":"uncaughtException"}
[2025-09-23T04:38:16.985Z] ERROR write EPIPE 
STACK Error: write EPIPE
    at afterWriteDispatched (node:internal/stream_base_commons:159:15)
    at writeGeneric (node:internal/stream_base_commons:150:3)
    at Socket._writeGeneric (node:net:966:11)
    at Socket._write (node:net:978:8)
    at writeOrBuffer (node:internal/streams/writable:572:12)
    at _write (node:internal/streams/writable:501:10)
    at Writable.write (node:internal/streams/writable:510:10)
    at console.value (node:internal/console/constructor:298:16)
    at console.log (node:internal/console/constructor:384:26)
    at <anonymous> (/Users/eobodoechine/PropertyVision1/server/step3-find-comparables.ts:876:23) 
CTX {"type":"uncaughtException"}
[2025-09-23T04:38:16.993Z] ERROR write EPIPE 
STACK Error: write EPIPE
    at afterWriteDispatched (node:internal/stream_base_commons:159:15)
    at writeGeneric (node:internal/stream_base_commons:150:3)
    at Socket._writeGeneric (node:net:966:11)
    at Socket._write (node:net:978:8)
    at writeOrBuffer (node:internal/streams/writable:572:12)
    at _write (node:internal/streams/writable:501:10)
    at Writable.write (node:internal/streams/writable:510:10)
    at console.value (node:internal/console/constructor:298:16)
    at console.log (node:internal/console/constructor:384:26)
    at <anonymous> (/Users/eobodoechine/PropertyVision1/server/step3-find-comparables.ts:876:23) 
CTX {"type":"uncaughtException"}
[2025-09-23T04:38:17.008Z] ERROR write EPIPE 
STACK Error: write EPIPE
    at afterWriteDispatched (node:internal/stream_base_commons:159:15)
    at writeGeneric (node:internal/stream_base_commons:150:3)
    at Socket._writeGeneric (node:net:966:11)
    at Socket._write (node:net:978:8)
    at writeOrBuffer (node:internal/streams/writable:572:12)
    at _write (node:internal/streams/writable:501:10)
    at Writable.write (node:internal/streams/writable:510:10)
    at console.value (node:internal/console/constructor:298:16)
    at console.log (node:internal/console/constructor:384:26)
    at <anonymous> (/Users/eobodoechine/PropertyVision1/server/step3-find-comparables.ts:876:23) 
CTX {"type":"uncaughtException"}
[2025-09-23T04:38:17.013Z] ERROR write EPIPE 
STACK Error: write EPIPE
    at afterWriteDispatched (node:internal/stream_base_commons:159:15)
    at writeGeneric (node:internal/stream_base_commons:150:3)
    at Socket._writeGeneric (node:net:966:11)
    at Socket._write (node:net:978:8)
    at writeOrBuffer (node:internal/streams/writable:572:12)
    at _write (node:internal/streams/writable:501:10)
    at Writable.write (node:internal/streams/writable:510:10)
    at console.value (node:internal/console/constructor:298:16)
    at console.log (node:internal/console/constructor:384:26)
    at <anonymous> (/Users/eobodoechine/PropertyVision1/server/step3-find-comparables.ts:876:23) 
CTX {"type":"uncaughtException"}
[2025-09-23T04:38:17.032Z] ERROR write EPIPE 
STACK Error: write EPIPE
    at afterWriteDispatched (node:internal/stream_base_commons:159:15)
    at writeGeneric (node:internal/stream_base_commons:150:3)
    at Socket._writeGeneric (node:net:966:11)
    at Socket._write (node:net:978:8)
    at writeOrBuffer (node:internal/streams/writable:572:12)
    at _write (node:internal/streams/writable:501:10)
    at Writable.write (node:internal/streams/writable:510:10)
    at console.value (node:internal/console/constructor:298:16)
    at console.log (node:internal/console/constructor:384:26)
    at <anonymous> (/Users/eobodoechine/PropertyVision1/server/step3-find-comparables.ts:876:23) 
CTX {"type":"uncaughtException"}
[2025-09-23T04:38:17.091Z] ERROR write EPIPE 
STACK Error: write EPIPE
    at afterWriteDispatched (node:internal/stream_base_commons:159:15)
    at writeGeneric (node:internal/stream_base_commons:150:3)
    at Socket._writeGeneric (node:net:966:11)
    at Socket._write (node:net:978:8)
    at writeOrBuffer (node:internal/streams/writable:572:12)
    at _write (node:internal/streams/writable:501:10)
    at Writable.write (node:internal/streams/writable:510:10)
    at console.value (node:internal/console/constructor:298:16)
    at console.log (node:internal/console/constructor:384:26)
    at <anonymous> (/Users/eobodoechine/PropertyVision1/server/step3-find-comparables.ts:876:23) 
CTX {"type":"uncaughtException"}
[2025-09-23T04:38:17.098Z] ERROR write EPIPE 
STACK Error: write EPIPE
    at afterWriteDispatched (node:internal/stream_base_commons:159:15)
    at writeGeneric (node:internal/stream_base_commons:150:3)
    at Socket._writeGeneric (node:net:966:11)
    at Socket._write (node:net:978:8)
    at writeOrBuffer (node:internal/streams/writable:572:12)
    at _write (node:internal/streams/writable:501:10)
    at Writable.write (node:internal/streams/writable:510:10)
    at console.value (node:internal/console/constructor:298:16)
    at console.log (node:internal/console/constructor:384:26)
    at <anonymous> (/Users/eobodoechine/PropertyVision1/server/step3-find-comparables.ts:876:23) 
CTX {"type":"uncaughtException"}
[2025-09-23T04:38:17.121Z] ERROR write EPIPE 
STACK Error: write EPIPE
    at afterWriteDispatched (node:internal/stream_base_commons:159:15)
    at writeGeneric (node:internal/stream_base_commons:150:3)
    at Socket._writeGeneric (node:net:966:11)
    at Socket._write (node:net:978:8)
    at writeOrBuffer (node:internal/streams/writable:572:12)
    at _write (node:internal/streams/writable:501:10)
    at Writable.write (node:internal/streams/writable:510:10)
    at console.value (node:internal/console/constructor:298:16)
    at console.log (node:internal/console/constructor:384:26)
    at VertexComparableSearchService.findComparables (/Users/eobodoechine/PropertyVision1/server/step3-find-comparables.ts:173:15) 
CTX {"type":"uncaughtException"}
[2025-09-23T04:38:17.153Z] ERROR write EPIPE 
STACK Error: write EPIPE
    at afterWriteDispatched (node:internal/stream_base_commons:159:15)
    at writeGeneric (node:internal/stream_base_commons:150:3)
    at Socket._writeGeneric (node:net:966:11)
    at Socket._write (node:net:978:8)
    at writeOrBuffer (node:internal/streams/writable:572:12)
    at _write (node:internal/streams/writable:501:10)
    at Writable.write (node:internal/streams/writable:510:10)
    at console.value (node:internal/console/constructor:298:16)
    at console.log (node:internal/console/constructor:384:26)
    at VertexComparableSearchService.findComparables (/Users/eobodoechine/PropertyVision1/server/step3-find-comparables.ts:132:17) 
CTX {"type":"uncaughtException"}
[2025-09-23T04:38:24.821Z] ERROR write EPIPE 
STACK Error: write EPIPE
    at afterWriteDispatched (node:internal/stream_base_commons:159:15)
    at writeGeneric (node:internal/stream_base_commons:150:3)
    at Socket._writeGeneric (node:net:966:11)
    at Socket._write (node:net:978:8)
    at writeOrBuffer (node:internal/streams/writable:572:12)
    at _write (node:internal/streams/writable:501:10)
    at Writable.write (node:internal/streams/writable:510:10)
    at console.value (node:internal/console/constructor:298:16)
    at console.log (node:internal/console/constructor:384:26)
    at VertexComparableSearchService.parseVertexResponse (/Users/eobodoechine/PropertyVision1/server/step3-find-comparables.ts:718:17) 
CTX {"type":"uncaughtException"}
[2025-09-23T04:38:28.301Z] ERROR write EPIPE 
STACK Error: write EPIPE
    at afterWriteDispatched (node:internal/stream_base_commons:159:15)
    at writeGeneric (node:internal/stream_base_commons:150:3)
    at Socket._writeGeneric (node:net:966:11)
    at Socket._write (node:net:978:8)
    at writeOrBuffer (node:internal/streams/writable:572:12)
    at _write (node:internal/streams/writable:501:10)
    at Writable.write (node:internal/streams/writable:510:10)
    at console.value (node:internal/console/constructor:298:16)
    at console.log (node:internal/console/constructor:384:26)
    at VertexComparableSearchService.parseVertexResponse (/Users/eobodoechine/PropertyVision1/server/step3-find-comparables.ts:718:17) 
CTX {"type":"uncaughtException"}
[2025-09-23T04:38:31.804Z] ERROR write EPIPE 
STACK Error: write EPIPE
    at afterWriteDispatched (node:internal/stream_base_commons:159:15)
    at writeGeneric (node:internal/stream_base_commons:150:3)
    at Socket._writeGeneric (node:net:966:11)
    at Socket._write (node:net:978:8)
    at writeOrBuffer (node:internal/streams/writable:572:12)
    at _write (node:internal/streams/writable:501:10)
    at Writable.write (node:internal/streams/writable:510:10)
    at console.value (node:internal/console/constructor:298:16)
    at console.log (node:internal/console/constructor:384:26)
    at VertexComparableSearchService.parseVertexResponse (/Users/eobodoechine/PropertyVision1/server/step3-find-comparables.ts:718:17) 
CTX {"type":"uncaughtException"}
[2025-09-23T04:38:39.759Z] ERROR write EPIPE 
STACK Error: write EPIPE
    at afterWriteDispatched (node:internal/stream_base_commons:159:15)
    at writeGeneric (node:internal/stream_base_commons:150:3)
    at Socket._writeGeneric (node:net:966:11)
    at Socket._write (node:net:978:8)
    at writeOrBuffer (node:internal/streams/writable:572:12)
    at _write (node:internal/streams/writable:501:10)
    at Writable.write (node:internal/streams/writable:510:10)
    at console.value (node:internal/console/constructor:298:16)
    at console.log (node:internal/console/constructor:384:26)
    at VertexComparableSearchService.parseVertexResponse (/Users/eobodoechine/PropertyVision1/server/step3-find-comparables.ts:718:17) 
CTX {"type":"uncaughtException"}
[2025-09-23T04:38:47.548Z] ERROR write EPIPE 
STACK Error: write EPIPE
    at afterWriteDispatched (node:internal/stream_base_commons:159:15)
    at writeGeneric (node:internal/stream_base_commons:150:3)
    at Socket._writeGeneric (node:net:966:11)
    at Socket._write (node:net:978:8)
    at writeOrBuffer (node:internal/streams/writable:572:12)
    at _write (node:internal/streams/writable:501:10)
    at Writable.write (node:internal/streams/writable:510:10)
    at console.value (node:internal/console/constructor:298:16)
    at console.log (node:internal/console/constructor:384:26)
    at VertexComparableSearchService.parseVertexResponse (/Users/eobodoechine/PropertyVision1/server/step3-find-comparables.ts:718:17) 
CTX {"type":"uncaughtException"}
[2025-09-23T04:38:57.797Z] ERROR write EPIPE 
STACK Error: write EPIPE
    at afterWriteDispatched (node:internal/stream_base_commons:159:15)
    at writeGeneric (node:internal/stream_base_commons:150:3)
    at Socket._writeGeneric (node:net:966:11)
    at Socket._write (node:net:978:8)
    at writeOrBuffer (node:internal/streams/writable:572:12)
    at _write (node:internal/streams/writable:501:10)
    at Writable.write (node:internal/streams/writable:510:10)
    at console.value (node:internal/console/constructor:298:16)
    at console.log (node:internal/console/constructor:384:26)
    at VertexComparableSearchService.parseVertexResponse (/Users/eobodoechine/PropertyVision1/server/step3-find-comparables.ts:718:17) 
CTX {"type":"uncaughtException"}
[2025-09-23T04:38:57.858Z] ERROR write EPIPE 
STACK Error: write EPIPE
    at afterWriteDispatched (node:internal/stream_base_commons:159:15)
    at writeGeneric (node:internal/stream_base_commons:150:3)
    at Socket._writeGeneric (node:net:966:11)
    at Socket._write (node:net:978:8)
    at writeOrBuffer (node:internal/streams/writable:572:12)
    at _write (node:internal/streams/writable:501:10)
    at Writable.write (node:internal/streams/writable:510:10)
    at console.value (node:internal/console/constructor:298:16)
    at console.log (node:internal/console/constructor:384:26)
    at <anonymous> (/Users/eobodoechine/PropertyVision1/server/step3-find-comparables.ts:880:23) 
CTX {"type":"uncaughtException"}
[2025-09-23T04:38:57.907Z] ERROR write EPIPE 
STACK Error: write EPIPE
    at afterWriteDispatched (node:internal/stream_base_commons:159:15)
    at writeGeneric (node:internal/stream_base_commons:150:3)
    at Socket._writeGeneric (node:net:966:11)
    at Socket._write (node:net:978:8)
    at writeOrBuffer (node:internal/streams/writable:572:12)
    at _write (node:internal/streams/writable:501:10)
    at Writable.write (node:internal/streams/writable:510:10)
    at console.value (node:internal/console/constructor:298:16)
    at console.log (node:internal/console/constructor:384:26)
    at <anonymous> (/Users/eobodoechine/PropertyVision1/server/step3-find-comparables.ts:876:23) 
CTX {"type":"uncaughtException"}
[2025-09-23T04:38:57.927Z] ERROR write EPIPE 
STACK Error: write EPIPE
    at afterWriteDispatched (node:internal/stream_base_commons:159:15)
    at writeGeneric (node:internal/stream_base_commons:150:3)
    at Socket._writeGeneric (node:net:966:11)
    at Socket._write (node:net:978:8)
    at writeOrBuffer (node:internal/streams/writable:572:12)
    at _write (node:internal/streams/writable:501:10)
    at Writable.write (node:internal/streams/writable:510:10)
    at console.value (node:internal/console/constructor:298:16)
    at console.log (node:internal/console/constructor:384:26)
    at VertexComparableSearchService.findComparables (/Users/eobodoechine/PropertyVision1/server/step3-find-comparables.ts:173:15) 
CTX {"type":"uncaughtException"}
[2025-09-23T04:38:57.966Z] ERROR write EPIPE 
STACK Error: write EPIPE
    at afterWriteDispatched (node:internal/stream_base_commons:159:15)
    at writeGeneric (node:internal/stream_base_commons:150:3)
    at Socket._writeGeneric (node:net:966:11)
    at Socket._write (node:net:978:8)
    at writeOrBuffer (node:internal/streams/writable:572:12)
    at _write (node:internal/streams/writable:501:10)
    at Writable.write (node:internal/streams/writable:510:10)
    at console.value (node:internal/console/constructor:298:16)
    at console.log (node:internal/console/constructor:384:26)
    at VertexComparableSearchService.parseVertexResponse (/Users/eobodoechine/PropertyVision1/server/step3-find-comparables.ts:718:17) 
CTX {"type":"uncaughtException"}
[2025-09-23T04:39:00.669Z] ERROR write EPIPE 
STACK Error: write EPIPE
    at afterWriteDispatched (node:internal/stream_base_commons:159:15)
    at writeGeneric (node:internal/stream_base_commons:150:3)
    at Socket._writeGeneric (node:net:966:11)
    at Socket._write (node:net:978:8)
    at writeOrBuffer (node:internal/streams/writable:572:12)
    at _write (node:internal/streams/writable:501:10)
    at Writable.write (node:internal/streams/writable:510:10)
    at console.value (node:internal/console/constructor:298:16)
    at console.log (node:internal/console/constructor:384:26)
    at VertexComparableSearchService.parseVertexResponse (/Users/eobodoechine/PropertyVision1/server/step3-find-comparables.ts:718:17) 
CTX {"type":"uncaughtException"}
[2025-09-23T04:39:07.877Z] ERROR write EPIPE 
STACK Error: write EPIPE
    at afterWriteDispatched (node:internal/stream_base_commons:159:15)
    at writeGeneric (node:internal/stream_base_commons:150:3)
    at Socket._writeGeneric (node:net:966:11)
    at Socket._write (node:net:978:8)
    at writeOrBuffer (node:internal/streams/writable:572:12)
    at _write (node:internal/streams/writable:501:10)
    at Writable.write (node:internal/streams/writable:510:10)
    at console.value (node:internal/console/constructor:298:16)
    at console.log (node:internal/console/constructor:384:26)
    at VertexComparableSearchService.parseVertexResponse (/Users/eobodoechine/PropertyVision1/server/step3-find-comparables.ts:718:17) 
CTX {"type":"uncaughtException"}
[2025-09-23T04:39:07.934Z] ERROR write EPIPE 
STACK Error: write EPIPE
    at afterWriteDispatched (node:internal/stream_base_commons:159:15)
    at writeGeneric (node:internal/stream_base_commons:150:3)
    at Socket._writeGeneric (node:net:966:11)
    at Socket._write (node:net:978:8)
    at writeOrBuffer (node:internal/streams/writable:572:12)
    at _write (node:internal/streams/writable:501:10)
    at Writable.write (node:internal/streams/writable:510:10)
    at console.value (node:internal/console/constructor:298:16)
    at console.log (node:internal/console/constructor:384:26)
    at <anonymous> (/Users/eobodoechine/PropertyVision1/server/step3-find-comparables.ts:876:23) 
CTX {"type":"uncaughtException"}
[2025-09-23T04:39:08.002Z] ERROR write EPIPE 
STACK Error: write EPIPE
    at afterWriteDispatched (node:internal/stream_base_commons:159:15)
    at writeGeneric (node:internal/stream_base_commons:150:3)
    at Socket._writeGeneric (node:net:966:11)
    at Socket._write (node:net:978:8)
    at writeOrBuffer (node:internal/streams/writable:572:12)
    at _write (node:internal/streams/writable:501:10)
    at Writable.write (node:internal/streams/writable:510:10)
    at console.value (node:internal/console/constructor:298:16)
    at console.log (node:internal/console/constructor:384:26)
    at <anonymous> (/Users/eobodoechine/PropertyVision1/server/step3-find-comparables.ts:876:23) 
CTX {"type":"uncaughtException"}
[2025-09-23T04:39:08.062Z] ERROR write EPIPE 
STACK Error: write EPIPE
    at afterWriteDispatched (node:internal/stream_base_commons:159:15)
    at writeGeneric (node:internal/stream_base_commons:150:3)
    at Socket._writeGeneric (node:net:966:11)
    at Socket._write (node:net:978:8)
    at writeOrBuffer (node:internal/streams/writable:572:12)
    at _write (node:internal/streams/writable:501:10)
    at Writable.write (node:internal/streams/writable:510:10)
    at console.value (node:internal/console/constructor:298:16)
    at console.log (node:internal/console/constructor:384:26)
    at VertexComparableSearchService.findComparables (/Users/eobodoechine/PropertyVision1/server/step3-find-comparables.ts:129:17) 
CTX {"type":"uncaughtException"}
[2025-09-23T04:39:27.083Z] ERROR write EPIPE 
STACK Error: write EPIPE
    at afterWriteDispatched (node:internal/stream_base_commons:159:15)
    at writeGeneric (node:internal/stream_base_commons:150:3)
    at Socket._writeGeneric (node:net:966:11)
    at Socket._write (node:net:978:8)
    at writeOrBuffer (node:internal/streams/writable:572:12)
    at _write (node:internal/streams/writable:501:10)
    at Writable.write (node:internal/streams/writable:510:10)
    at console.value (node:internal/console/constructor:298:16)
    at console.log (node:internal/console/constructor:384:26)
    at VertexComparableSearchService.parseVertexResponse (/Users/eobodoechine/PropertyVision1/server/step3-find-comparables.ts:718:17) 
CTX {"type":"uncaughtException"}
[2025-09-23T04:39:50.029Z] ERROR write EPIPE 
STACK Error: write EPIPE
    at afterWriteDispatched (node:internal/stream_base_commons:159:15)
    at writeGeneric (node:internal/stream_base_commons:150:3)
    at Socket._writeGeneric (node:net:966:11)
    at Socket._write (node:net:978:8)
    at writeOrBuffer (node:internal/streams/writable:572:12)
    at _write (node:internal/streams/writable:501:10)
    at Writable.write (node:internal/streams/writable:510:10)
    at console.value (node:internal/console/constructor:298:16)
    at console.log (node:internal/console/constructor:384:26)
    at VertexComparableSearchService.parseVertexResponse (/Users/eobodoechine/PropertyVision1/server/step3-find-comparables.ts:718:17) 
CTX {"type":"uncaughtException"}
[2025-09-23T04:39:51.654Z] ERROR write EPIPE 
STACK Error: write EPIPE
    at afterWriteDispatched (node:internal/stream_base_commons:159:15)
    at writeGeneric (node:internal/stream_base_commons:150:3)
    at Socket._writeGeneric (node:net:966:11)
    at Socket._write (node:net:978:8)
    at writeOrBuffer (node:internal/streams/writable:572:12)
    at _write (node:internal/streams/writable:501:10)
    at Writable.write (node:internal/streams/writable:510:10)
    at console.value (node:internal/console/constructor:298:16)
    at console.log (node:internal/console/constructor:384:26)
    at VertexComparableSearchService.parseVertexResponse (/Users/eobodoechine/PropertyVision1/server/step3-find-comparables.ts:718:17) 
CTX {"type":"uncaughtException"}
[2025-09-23T04:39:52.581Z] ERROR write EPIPE 
STACK Error: write EPIPE
    at afterWriteDispatched (node:internal/stream_base_commons:159:15)
    at writeGeneric (node:internal/stream_base_commons:150:3)
    at Socket._writeGeneric (node:net:966:11)
    at Socket._write (node:net:978:8)
    at writeOrBuffer (node:internal/streams/writable:572:12)
    at _write (node:internal/streams/writable:501:10)
    at Writable.write (node:internal/streams/writable:510:10)
    at console.value (node:internal/console/constructor:298:16)
    at console.log (node:internal/console/constructor:384:26)
    at VertexComparableSearchService.parseVertexResponse (/Users/eobodoechine/PropertyVision1/server/step3-find-comparables.ts:718:17) 
CTX {"type":"uncaughtException"}
[2025-09-23T04:39:53.599Z] ERROR write EPIPE 
STACK Error: write EPIPE
    at afterWriteDispatched (node:internal/stream_base_commons:159:15)
    at writeGeneric (node:internal/stream_base_commons:150:3)
    at Socket._writeGeneric (node:net:966:11)
    at Socket._write (node:net:978:8)
    at writeOrBuffer (node:internal/streams/writable:572:12)
    at _write (node:internal/streams/writable:501:10)
    at Writable.write (node:internal/streams/writable:510:10)
    at console.value (node:internal/console/constructor:298:16)
    at console.log (node:internal/console/constructor:384:26)
    at VertexComparableSearchService.parseVertexResponse (/Users/eobodoechine/PropertyVision1/server/step3-find-comparables.ts:718:17) 
CTX {"type":"uncaughtException"}
[2025-09-23T04:40:17.995Z] ERROR write EPIPE 
STACK Error: write EPIPE
    at afterWriteDispatched (node:internal/stream_base_commons:159:15)
    at writeGeneric (node:internal/stream_base_commons:150:3)
    at Socket._writeGeneric (node:net:966:11)
    at Socket._write (node:net:978:8)
    at writeOrBuffer (node:internal/streams/writable:572:12)
    at _write (node:internal/streams/writable:501:10)
    at Writable.write (node:internal/streams/writable:510:10)
    at console.value (node:internal/console/constructor:298:16)
    at console.log (node:internal/console/constructor:384:26)
    at VertexComparableSearchService.parseVertexResponse (/Users/eobodoechine/PropertyVision1/server/step3-find-comparables.ts:718:17) 
CTX {"type":"uncaughtException"}
[2025-09-23T04:40:18.062Z] ERROR write EPIPE 
STACK Error: write EPIPE
    at afterWriteDispatched (node:internal/stream_base_commons:159:15)
    at writeGeneric (node:internal/stream_base_commons:150:3)
    at Socket._writeGeneric (node:net:966:11)
    at Socket._write (node:net:978:8)
    at writeOrBuffer (node:internal/streams/writable:572:12)
    at _write (node:internal/streams/writable:501:10)
    at Writable.write (node:internal/streams/writable:510:10)
    at console.value (node:internal/console/constructor:298:16)
    at console.log (node:internal/console/constructor:384:26)
    at <anonymous> (/Users/eobodoechine/PropertyVision1/server/step3-find-comparables.ts:880:23) 
CTX {"type":"uncaughtException"}
[2025-09-23T04:40:18.134Z] ERROR write EPIPE 
STACK Error: write EPIPE
    at afterWriteDispatched (node:internal/stream_base_commons:159:15)
    at writeGeneric (node:internal/stream_base_commons:150:3)
    at Socket._writeGeneric (node:net:966:11)
    at Socket._write (node:net:978:8)
    at writeOrBuffer (node:internal/streams/writable:572:12)
    at _write (node:internal/streams/writable:501:10)
    at Writable.write (node:internal/streams/writable:510:10)
    at console.value (node:internal/console/constructor:298:16)
    at console.log (node:internal/console/constructor:384:26)
    at <anonymous> (/Users/eobodoechine/PropertyVision1/server/step3-find-comparables.ts:876:23) 
CTX {"type":"uncaughtException"}
[2025-09-23T04:40:18.196Z] ERROR write EPIPE 
STACK Error: write EPIPE
    at afterWriteDispatched (node:internal/stream_base_commons:159:15)
    at writeGeneric (node:internal/stream_base_commons:150:3)
    at Socket._writeGeneric (node:net:966:11)
    at Socket._write (node:net:978:8)
    at writeOrBuffer (node:internal/streams/writable:572:12)
    at _write (node:internal/streams/writable:501:10)
    at Writable.write (node:internal/streams/writable:510:10)
    at console.value (node:internal/console/constructor:298:16)
    at console.log (node:internal/console/constructor:384:26)
    at <anonymous> (/Users/eobodoechine/PropertyVision1/server/step3-find-comparables.ts:876:23) 
CTX {"type":"uncaughtException"}
[2025-09-23T04:40:18.196Z] ERROR write EPIPE 
STACK Error: write EPIPE
    at afterWriteDispatched (node:internal/stream_base_commons:159:15)
    at writeGeneric (node:internal/stream_base_commons:150:3)
    at Socket._writeGeneric (node:net:966:11)
    at Socket._write (node:net:978:8)
    at writeOrBuffer (node:internal/streams/writable:572:12)
    at _write (node:internal/streams/writable:501:10)
    at Writable.write (node:internal/streams/writable:510:10)
    at console.value (node:internal/console/constructor:298:16)
    at console.log (node:internal/console/constructor:384:26)
    at log (/Users/eobodoechine/PropertyVision1/server/vite.ts:19:11) 
CTX {"type":"uncaughtException"}
